Punk Rock,time,78,0.0
Punk Rock,listen,3,0.0
Punk Rock,whine,1,0.0
Punk Rock,everything,44,0.0
Punk Rock,one,72,0.0
Punk Rock,melodramatic,1,0.0
Punk Rock,fools,1,-2.0
Punk Rock,neurotic,1,0.0
Punk Rock,bone,2,0.0
Punk Rock,doubt,3,-1.0
Punk Rock,sometimes,8,0.0
Punk Rock,give,30,0.0
Punk Rock,creeps,3,0.0
Punk Rock,mind,15,0.0
Punk Rock,plays,3,0.0
Punk Rock,tricks,3,0.0
Punk Rock,keeps,3,0.0
Punk Rock,up,12,0.0
Punk Rock,think,61,0.0
Punk Rock,paranoid,2,0.0
Punk Rock,went,5,0.0
Punk Rock,shrink,1,0.0
Punk Rock,analyze,1,0.0
Punk Rock,dreams,3,1.0
Punk Rock,says,3,0.0
Punk Rock,lack,1,-2.0
Punk Rock,sex,1,0.0
Punk Rock,whore,1,-4.0
Punk Rock,said,33,0.0
Punk Rock,bore,1,-2.0
Punk Rock,quit,1,0.0
Punk Rock,whining,1,0.0
Punk Rock,yeah,9,1.0
Punk Rock,go,83,0.0
Punk Rock,grasping,1,0.0
Punk Rock,control,5,0.0
Punk Rock,better,19,2.0
Punk Rock,hold,9,0.0
Punk Rock,come,12,0.0
Punk Rock,passed,3,0.0
Punk Rock,innocent,3,0.0
Punk Rock,never,99,0.0
Punk Rock,last,33,0.0
Punk Rock,wake,13,0.0
Punk Rock,september,10,0.0
Punk Rock,ends,11,0.0
Punk Rock,like,116,2.0
Punk Rock,pass,5,0.0
Punk Rock,seven,2,0.0
Punk Rock,years,6,0.0
Punk Rock,gone,30,0.0
Punk Rock,fast,7,0.0
Punk Rock,comes,6,0.0
Punk Rock,rain,2,0.0
Punk Rock,again,7,0.0
Punk Rock,falling,8,-1.0
Punk Rock,stars,3,0.0
Punk Rock,drenched,2,0.0
Punk Rock,pain,18,-2.0
Punk Rock,becoming,6,0.0
Punk Rock,memory,8,0.0
Punk Rock,rests,2,0.0
Punk Rock,forgets,2,0.0
Punk Rock,lost,21,-3.0
Punk Rock,summer,3,0.0
Punk Rock,ring,1,0.0
Punk Rock,bells,1,0.0
Punk Rock,spring,1,0.0
Punk Rock,began,1,0.0
Punk Rock,twenty,1,0.0
Punk Rock,endsstanding,1,0.0
Punk Rock,edge,16,0.0
Punk Rock,palisades,1,0.0
Punk Rock,cliffs,2,0.0
Punk Rock,shadow,5,0.0
Punk Rock,skyline,4,0.0
Punk Rock,far,19,0.0
Punk Rock,away,24,0.0
Punk Rock,lightning,1,0.0
Punk Rock,rod,1,0.0
Punk Rock,pull,5,0.0
Punk Rock,storm,1,0.0
Punk Rock,old,5,0.0
Punk Rock,best,6,3.0
Punk Rock,friends,29,0.0
Punk Rock,older,1,0.0
Punk Rock,brother,1,0.0
Punk Rock,died,2,-3.0
Punk Rock,fell,5,0.0
Punk Rock,river,2,0.0
Punk Rock,washed,5,0.0
Punk Rock,current,1,0.0
Punk Rock,pulled,1,0.0
Punk Rock,downstream,1,0.0
Punk Rock,eyes,15,0.0
Punk Rock,floating,2,0.0
Punk Rock,headlights,2,0.0
Punk Rock,parked,1,0.0
Punk Rock,cars,8,0.0
Punk Rock,garage,1,0.0
Punk Rock,lullaby,1,0.0
Punk Rock,carbon,1,0.0
Punk Rock,monoxide,1,0.0
Punk Rock,war,11,-2.0
Punk Rock,new,9,0.0
Punk Rock,york,3,0.0
Punk Rock,grew,6,0.0
Punk Rock,apart,10,0.0
Punk Rock,ashes,10,0.0
Punk Rock,american,3,0.0
Punk Rock,flags,3,0.0
Punk Rock,sun,2,0.0
Punk Rock,rise,4,1.0
Punk Rock,replaced,1,0.0
Punk Rock,h-bomb,1,-1.0
Punk Rock,explosion,1,0.0
Punk Rock,painted,1,0.0
Punk Rock,jail,3,0.0
Punk Rock,cell,2,0.0
Punk Rock,blood,7,0.0
Punk Rock,sky,4,0.0
Punk Rock,three,5,0.0
Punk Rock,mile,1,0.0
Punk Rock,island,1,0.0
Punk Rock,nightmares,1,0.0
Punk Rock,tv,4,0.0
Punk Rock,used,11,0.0
Punk Rock,sing,12,0.0
Punk Rock,us,21,0.0
Punk Rock,sleep,12,0.0
Punk Rock,burn,7,0.0
Punk Rock,oil,1,0.0
Punk Rock,field,2,0.0
Punk Rock,felt,11,0.0
Punk Rock,fade,1,0.0
Punk Rock,nights,2,0.0
Punk Rock,basement,2,0.0
Punk Rock,kids,5,0.0
Punk Rock,still,45,0.0
Punk Rock,screaming,2,-2.0
Punk Rock,blowing,1,0.0
Punk Rock,wind,1,0.0
Punk Rock,know,78,0.0
Punk Rock,land,1,0.0
Punk Rock,kiss,9,2.0
Punk Rock,little,53,0.0
Punk Rock,tall,1,0.0
Punk Rock,buildings,1,0.0
Punk Rock,long,27,0.0
Punk Rock,follow,2,0.0
Punk Rock,sign,2,0.0
Punk Rock,town,16,0.0
Punk Rock,offer,1,0.0
Punk Rock,welcome,6,2.0
Punk Rock,leaving,10,0.0
Punk Rock,pieces,5,0.0
Punk Rock,fall,26,0.0
Punk Rock,day,45,0.0
Punk Rock,parade,1,0.0
Punk Rock,fires,1,0.0
Punk Rock,streets,6,0.0
Punk Rock,start,29,0.0
Punk Rock,rage,2,-2.0
Punk Rock,wave,3,0.0
Punk Rock,people,14,0.0
Punk Rock,back,46,0.0
Punk Rock,fabric,1,0.0
Punk Rock,flag,1,0.0
Punk Rock,sang,1,0.0
Punk Rock,"love,1,3.0
Punk Rock,time",1,0.0
Punk Rock,timethe,1,0.0
Punk Rock,cry,2,-1.0
Punk Rock,blackest,1,0.0
Punk Rock,tears,5,-2.0
Punk Rock,tonight,18,0.0
Punk Rock,moment,12,0.0
Punk Rock,live,17,0.0
Punk Rock,smell,1,0.0
Punk Rock,ocean,2,0.0
Punk Rock,air,3,0.0
Punk Rock,pouring,1,0.0
Punk Rock,heart,42,0.0
Punk Rock,onto,1,0.0
Punk Rock,rooftops,1,0.0
Punk Rock,ghost,1,-1.0
Punk Rock,world,27,0.0
Punk Rock,exactly,2,0.0
Punk Rock,need...,1,0.0
Punk Rock,city,11,0.0
Punk Rock,lights,9,0.0
Punk Rock,thousand,6,0.0
Punk Rock,miles,7,0.0
Punk Rock,fire,6,-2.0
Punk Rock,anthem,13,0.0
Punk Rock,dying,8,-3.0
Punk Rock,day...,5,0.0
Punk Rock,second,4,0.0
Punk Rock,wish,29,1.0
Punk Rock,tide,2,0.0
Punk Rock,swallow,2,0.0
Punk Rock,every,36,0.0
Punk Rock,inch,2,0.0
Punk Rock,gasp,1,0.0
Punk Rock,scream,5,-2.0
Punk Rock,song,7,0.0
Punk Rock,right,29,0.0
Punk Rock,face,21,0.0
Punk Rock,miss,31,-2.0
Punk Rock,beat,2,0.0
Punk Rock,before...,1,0.0
Punk Rock,dying...,1,-3.0
Punk Rock,would,45,0.0
Punk Rock,gasped,1,0.0
Punk Rock,tonight...,1,0.0
Punk Rock,dying...until,1,-3.0
Punk Rock,die,32,-3.0
Punk Rock,spill,11,0.0
Punk Rock,you,37,0.0
Punk Rock,race,1,0.0
Punk Rock,clock,3,0.0
Punk Rock,too,1,0.0
Punk Rock,remind,8,0.0
Punk Rock,times,13,0.0
Punk Rock,knew,9,0.0
Punk Rock,hand,18,0.0
Punk Rock,catch,1,0.0
Punk Rock,always,36,0.0
Punk Rock,make,40,0.0
Punk Rock,mistakes,5,-2.0
Punk Rock,take,37,0.0
Punk Rock,hope,34,2.0
Punk Rock,need,21,0.0
Punk Rock,bite,1,0.0
Punk Rock,tongue,1,0.0
Punk Rock,soaks,1,0.0
Punk Rock,shirt,2,0.0
Punk Rock,tell,48,0.0
Punk Rock,hurts,8,-2.0
Punk Rock,much,27,0.0
Punk Rock,hands,7,0.0
Punk Rock,throat,4,0.0
Punk Rock,hate,39,-3.0
Punk Rock,say,34,0.0
Punk Rock,remember,6,0.0
Punk Rock,made,10,0.0
Punk Rock,dieis,1,0.0
Punk Rock,worth,4,2.0
Punk Rock,it,4,0.0
Punk Rock,even,19,0.0
Punk Rock,hear,18,0.0
Punk Rock,standing,4,0.0
Punk Rock,spotlight,1,0.0
Punk Rock,enough,8,0.0
Punk Rock,feed,1,0.0
Punk Rock,hungry,4,0.0
Punk Rock,tired,5,-2.0
Punk Rock,sea,3,0.0
Punk Rock,lonely,1,-2.0
Punk Rock,taste,1,0.0
Punk Rock,ink,1,0.0
Punk Rock,getting,3,0.0
Punk Rock,four,5,0.0
Punk Rock,fucking,3,-4.0
Punk Rock,morning,1,0.0
Punk Rock,gets,5,0.0
Punk Rock,see,36,0.0
Punk Rock,coming,8,0.0
Punk Rock,drowning,3,0.0
Punk Rock,could,30,0.0
Punk Rock,chance,14,2.0
Punk Rock,break,19,0.0
Punk Rock,goodbye,4,0.0
Punk Rock,finally,4,0.0
Punk Rock,longer,2,0.0
Punk Rock,half,4,0.0
Punk Rock,dead,14,-3.0
Punk Rock,planned,1,0.0
Punk Rock,ready,1,0.0
Punk Rock,free,3,1.0
Punk Rock,am,6,0.0
Punk Rock,savor,10,0.0
Punk Rock,alive,13,1.0
Punk Rock,pretty,2,1.0
Punk Rock,top,8,2.0
Punk Rock,bright,2,1.0
Punk Rock,lit,2,0.0
Punk Rock,pick,9,0.0
Punk Rock,keep,29,0.0
Punk Rock,care,25,2.0
Punk Rock,promise,11,1.0
Punk Rock,drink,2,0.0
Punk Rock,dance,3,0.0
Punk Rock,night,25,0.0
Punk Rock,thisthis,1,0.0
Punk Rock,brought,4,0.0
Punk Rock,may,3,0.0
Punk Rock,forget,26,-1.0
Punk Rock,depart,1,0.0
Punk Rock,thing,11,0.0
Punk Rock,lay,14,0.0
Punk Rock,thought,19,0.0
Punk Rock,naive,1,-2.0
Punk Rock,sleepi,1,0.0
Punk Rock,heard,8,0.0
Punk Rock,knock,1,0.0
Punk Rock,upon,1,0.0
Punk Rock,door,1,0.0
Punk Rock,opened,2,0.0
Punk Rock,find,31,0.0
Punk Rock,death,3,-2.0
Punk Rock,staring,2,0.0
Punk Rock,feel,64,0.0
Punk Rock,mortal,1,0.0
Punk Rock,stalking,1,0.0
Punk Rock,reverberates,1,0.0
Punk Rock,everywhere,2,0.0
Punk Rock,drag,1,-1.0
Punk Rock,coffin,1,0.0
Punk Rock,case,1,0.0
Punk Rock,sends,2,0.0
Punk Rock,shivers,1,0.0
Punk Rock,spine,1,0.0
Punk Rock,adrenaline,1,0.0
Punk Rock,kicks,1,0.0
Punk Rock,in,8,0.0
Punk Rock,shifts,1,0.0
Punk Rock,overdrive,1,0.0
Punk Rock,secrets,2,0.0
Punk Rock,sick,4,-2.0
Punk Rock,lies,12,0.0
Punk Rock,snake,1,0.0
Punk Rock,single,5,0.0
Punk Rock,roll,3,0.0
Punk Rock,crooked,1,0.0
Punk Rock,dice,1,0.0
Punk Rock,darkness,4,-1.0
Punk Rock,tried,21,0.0
Punk Rock,kind,5,2.0
Punk Rock,dark,6,0.0
Punk Rock,haunts,2,-1.0
Punk Rock,hundred,2,0.0
Punk Rock,year,4,0.0
Punk Rock,house,2,0.0
Punk Rock,wrestle,2,0.0
Punk Rock,thoughts,5,0.0
Punk Rock,shook,2,0.0
Punk Rock,running,9,0.0
Punk Rock,past,12,0.0
Punk Rock,praying,2,1.0
Punk Rock,feet,3,0.0
Punk Rock,fail,2,-2.0
Punk Rock,goddamn,8,-3.0
Punk Rock,happens,2,0.0
Punk Rock,believe,26,0.0
Punk Rock,actually,3,0.0
Punk Rock,meant,10,0.0
Punk Rock,trying,18,0.0
Punk Rock,consume,3,0.0
Punk Rock,drug,3,0.0
Punk Rock,high,4,0.0
Punk Rock,misery,4,-2.0
Punk Rock,got,52,0.0
Punk Rock,questions,2,0.0
Punk Rock,head,22,0.0
Punk Rock,many,16,0.0
Punk Rock,things,62,0.0
Punk Rock,understand,6,0.0
Punk Rock,born,1,0.0
Punk Rock,point,4,0.0
Punk Rock,living,6,0.0
Punk Rock,life,43,0.0
Punk Rock,reach,1,1.0
Punk Rock,help,20,2.0
Punk Rock,save,5,2.0
Punk Rock,me,14,0.0
Punk Rock,work,3,0.0
Punk Rock,oh,36,0.0
Punk Rock,girl,5,0.0
Punk Rock,drive,3,0.0
Punk Rock,crazy,2,-2.0
Punk Rock,look,12,0.0
Punk Rock,puts,2,0.0
Punk Rock,rhythm,2,0.0
Punk Rock,hang,4,0.0
Punk Rock,around,16,0.0
Punk Rock,going,26,0.0
Punk Rock,cover,1,0.0
Punk Rock,makeup,1,0.0
Punk Rock,mirror,1,0.0
Punk Rock,gonna,14,0.0
Punk Rock,happen,3,0.0
Punk Rock,alone,18,-2.0
Punk Rock,swears,1,-2.0
Punk Rock,loves,2,3.0
Punk Rock,man,10,0.0
Punk Rock,push,6,0.0
Punk Rock,falls,4,0.0
Punk Rock,well,40,0.0
Punk Rock,friend,7,1.0
Punk Rock,end,21,0.0
Punk Rock,crumble,4,0.0
Punk Rock,down,5,0.0
Punk Rock,found,6,0.0
Punk Rock,pebble,1,0.0
Punk Rock,water,3,0.0
Punk Rock,makes,3,0.0
Punk Rock,ripple,1,0.0
Punk Rock,effect,1,0.0
Punk Rock,action,1,0.0
Punk Rock,bear,1,0.0
Punk Rock,consequence,1,0.0
Punk Rock,wade,1,0.0
Punk Rock,forever,27,0.0
Punk Rock,surely,4,0.0
Punk Rock,drown,1,-2.0
Punk Rock,way,19,0.0
Punk Rock,heed,1,0.0
Punk Rock,lecture,1,0.0
Punk Rock,dirt,4,-2.0
Punk Rock,hurt,8,-2.0
Punk Rock,enough!,1,0.0
Punk Rock,round,1,0.0
Punk Rock,enoughoh,1,0.0
Punk Rock,imagine,1,0.0
Punk Rock,pacing,1,0.0
Punk Rock,pews,1,0.0
Punk Rock,church,1,0.0
Punk Rock,corridor,1,0.0
Punk Rock,no,15,-1.0
Punk Rock,exchanging,1,0.0
Punk Rock,words,6,0.0
Punk Rock,"what,1,0.0
Punk Rock,beautiful,2,3.0
Punk Rock,wedding,1,0.0
Punk Rock,wedding!",1,0.0
Punk Rock,bridesmaid,1,0.0
Punk Rock,waiter,1,0.0
Punk Rock,"oh,1,0.0
Punk Rock,yes,1,1.0
Punk Rock,shame,2,-2.0
Punk Rock,poor,1,-2.0
Punk Rock,bride,1,0.0
Punk Rock,whore...",1,-4.0
Punk Rock,chime,6,0.0
Punk Rock,ever,44,0.0
Punk Rock,closing,6,0.0
Punk Rock,kinds,6,0.0
Punk Rock,sense,8,0.0
Punk Rock,poise,5,0.0
Punk Rock,rationality,5,0.0
Punk Rock,fact,2,0.0
Punk Rock,mean,8,0.0
Punk Rock,technically,2,0.0
Punk Rock,marriage,2,0.0
Punk Rock,saved,2,2.0
Punk Rock,calls,3,0.0
Punk Rock,toast,2,0.0
Punk Rock,pour,3,0.0
Punk Rock,champagne,3,0.0
Punk Rock,againyeah,1,0.0
Punk Rock,dedicated,1,2.0
Punk Rock,good,9,3.0
Punk Rock,kid,19,0.0
Punk Rock,picked,1,0.0
Punk Rock,gym,1,0.0
Punk Rock,class,2,0.0
Punk Rock,saying,2,0.0
Punk Rock,date,2,0.0
Punk Rock,school,4,0.0
Punk Rock,called,4,0.0
Punk Rock,freak,1,-2.0
Punk Rock,we,1,0.0
Punk Rock,go...,2,0.0
Punk Rock,lunch,1,0.0
Punk Rock,cool,5,1.0
Punk Rock,rich,8,2.0
Punk Rock,convertibles,1,0.0
Punk Rock,ride,2,0.0
Punk Rock,bus,1,0.0
Punk Rock,baseball,1,0.0
Punk Rock,team,1,0.0
Punk Rock,laughed,2,1.0
Punk Rock,broke,3,-1.0
Punk Rock,trick!,1,0.0
Punk Rock,things...,4,0.0
Punk Rock,go!,6,0.0
Punk Rock,try,31,0.0
Punk Rock,today,2,0.0
Punk Rock,wanna,46,0.0
Punk Rock,stop,19,-1.0
Punk Rock,mom,3,0.0
Punk Rock,institute,1,0.0
Punk Rock,breaking,8,0.0
Punk Rock,car,8,0.0
Punk Rock,walk,10,0.0
Punk Rock,get,46,0.0
Punk Rock,christmas,2,0.0
Punk Rock,eve,1,0.0
Punk Rock,dad,2,0.0
Punk Rock,store,1,0.0
Punk Rock,guys,2,0.0
Punk Rock,checked,1,0.0
Punk Rock,room,15,0.0
Punk Rock,dick!,1,-4.0
Punk Rock,lttle,1,0.0
Punk Rock,seems,5,0.0
Punk Rock,biggest,1,0.0
Punk Rock,part,5,0.0
Punk Rock,downeducated,1,0.0
Punk Rock,money,9,0.0
Punk Rock,dressed,2,0.0
Punk Rock,funny,4,4.0
Punk Rock,conversations,1,0.0
Punk Rock,foot,2,0.0
Punk Rock,bill,1,0.0
Punk Rock,situations,2,0.0
Punk Rock,pays,1,0.0
Punk Rock,girls,25,0.0
Punk Rock,boys,21,0.0
Punk Rock,laugh,4,1.0
Punk Rock,paper,1,0.0
Punk Rock,plastic,1,0.0
Punk Rock,matter,11,1.0
Punk Rock,vacations,1,0.0
Punk Rock,shopping,1,0.0
Punk Rock,sprees,1,0.0
Punk Rock,favorite,2,2.0
Punk Rock,wants,3,0.0
Punk Rock,willing,1,0.0
Punk Rock,please,8,1.0
Punk Rock,type,2,0.0
Punk Rock,fee,1,0.0
Punk Rock,hey,11,0.0
Punk Rock,nothing,17,0.0
Punk Rock,bodies,29,0.0
Punk Rock,ferraris,2,0.0
Punk Rock,losing,18,-3.0
Punk Rock,souls,4,0.0
Punk Rock,material,4,0.0
Punk Rock,feels,11,0.0
Punk Rock,told,15,0.0
Punk Rock,penitentiary,1,0.0
Punk Rock,spent,3,0.0
Punk Rock,is,3,0.0
Punk Rock,throw,4,0.0
Punk Rock,college,1,0.0
Punk Rock,university,1,0.0
Punk Rock,real,11,0.0
Punk Rock,job,1,0.0
Punk Rock,want,27,1.0
Punk Rock,step,14,0.0
Punk Rock,line,4,0.0
Punk Rock,minor,1,0.0
Punk Rock,threat,1,-2.0
Punk Rock,pay,3,-1.0
Punk Rock,really,10,0.0
Punk Rock,another,22,0.0
Punk Rock,trend,1,0.0
Punk Rock,drill,1,0.0
Punk Rock,shake,7,0.0
Punk Rock,once,1,0.0
Punk Rock,fine,13,2.0
Punk Rock,twice,1,0.0
Punk Rock,okay,3,0.0
Punk Rock,playing,3,0.0
Punk Rock,loser,4,-3.0
Punk Rock,anthemalways,1,0.0
Punk Rock,read,1,0.0
Punk Rock,magazines,1,0.0
Punk Rock,celebrities,1,0.0
Punk Rock,sympathy,1,2.0
Punk Rock,piss,1,-4.0
Punk Rock,moan,1,-2.0
Punk Rock,inside,23,0.0
Punk Rock,rolling,2,0.0
Punk Rock,stone,1,0.0
Punk Rock,hard,16,-1.0
Punk Rock,spend,4,0.0
Punk Rock,week,6,0.0
Punk Rock,street,3,0.0
Punk Rock,survive,3,0.0
Punk Rock,two,6,0.0
Punk Rock,someone,11,0.0
Punk Rock,shoes,3,0.0
Punk Rock,stumble,2,0.0
Punk Rock,lifestyles,7,0.0
Punk Rock,famous,7,2.0
Punk Rock,problem,3,-2.0
Punk Rock,mansions,2,0.0
Punk Rock,rob,2,-2.0
Punk Rock,kill,9,-3.0
Punk Rock,wife,1,0.0
Punk Rock,cash,2,0.0
Punk Rock,cochran,1,0.0
Punk Rock,caught,5,0.0
Punk Rock,crack,1,0.0
Punk Rock,run,6,0.0
Punk Rock,mayor,1,0.0
Punk Rock,d.c.,1,0.0
Punk Rock,walking,2,0.0
Punk Rock,problems,1,-2.0
Punk Rock,solve,1,1.0
Punk Rock,clothes,2,0.0
Punk Rock,homes,1,0.0
Punk Rock,famouswhen,1,0.0
Punk Rock,young,3,0.0
Punk Rock,boy,6,0.0
Punk Rock,father,2,0.0
Punk Rock,took,10,0.0
Punk Rock,marching,2,0.0
Punk Rock,band,2,0.0
Punk Rock,"son,2,0.0
Punk Rock,grow,4,0.0
Punk Rock,savior,2,0.0
Punk Rock,broken,7,-1.0
Punk Rock,beaten,3,-2.0
Punk Rock,"will,1,0.0
Punk Rock,defeat,1,-2.0
Punk Rock,demons,1,0.0
Punk Rock,non-believers,1,0.0
Punk Rock,plans,3,0.0
Punk Rock,leave,14,-1.0
Punk Rock,phantom,1,0.0
Punk Rock,lead,6,0.0
Punk Rock,join,1,1.0
Punk Rock,black,2,0.0
Punk Rock,parade",1,0.0
Punk Rock,feeling,8,1.0
Punk Rock,watching,2,0.0
Punk Rock,all,6,0.0
Punk Rock,carry,20,0.0
Punk Rock,on,10,0.0
Punk Rock,though,12,0.0
Punk Rock,contain,1,0.0
Punk Rock,explain,3,0.0
Punk Rock,reeling,1,0.0
Punk Rock,decimated,1,0.0
Punk Rock,paint,1,0.0
Punk Rock,shout,1,0.0
Punk Rock,loud,9,0.0
Punk Rock,clear,10,1.0
Punk Rock,defiant,1,-1.0
Punk Rock,call,10,0.0
Punk Rock,defeated,2,-2.0
Punk Rock,weary,2,-2.0
Punk Rock,widow,2,0.0
Punk Rock,marches,2,0.0
Punk Rock,fears,1,0.0
Punk Rock,disappointed,2,-2.0
Punk Rock,faces,2,0.0
Punk Rock,peers,1,0.0
Punk Rock,cannot,10,0.0
Punk Rock,play,7,0.0
Punk Rock,sorry,14,-1.0
Punk Rock,unashamed,1,0.0
Punk Rock,show,11,0.0
Punk Rock,scar,1,-2.0
Punk Rock,cheer,1,2.0
Punk Rock,hero,2,2.0
Punk Rock,partlast,1,0.0
Punk Rock,rest,2,0.0
Punk Rock,known,2,0.0
Punk Rock,kissed,1,0.0
Punk Rock,mama,1,0.0
Punk Rock,loved,3,3.0
Punk Rock,her,1,0.0
Punk Rock,thank,1,2.0
Punk Rock,pops,1,0.0
Punk Rock,talks,3,0.0
Punk Rock,wisdom,1,1.0
Punk Rock,shared,1,1.0
Punk Rock,unaware,1,-2.0
Punk Rock,routine,2,0.0
Punk Rock,skate,1,0.0
Punk Rock,instead,15,0.0
Punk Rock,taking,1,0.0
Punk Rock,test,1,0.0
Punk Rock,chest,5,0.0
Punk Rock,blind,3,-1.0
Punk Rock,everybody,3,0.0
Punk Rock,except,1,0.0
Punk Rock,gun,1,-1.0
Punk Rock,blasts,1,0.0
Punk Rock,happened,2,0.0
Punk Rock,sit,3,0.0
Punk Rock,maybe,12,0.0
Punk Rock,reaching,1,1.0
Punk Rock,love,21,3.0
Punk Rock,forgot,7,-1.0
Punk Rock,wanted,7,0.0
Punk Rock,hugged,1,0.0
Punk Rock,whatever,1,0.0
Punk Rock,are,23,0.0
Punk Rock,youth,21,0.0
Punk Rock,nation,19,0.0
Punk Rock,suzy,1,0.0
Punk Rock,twelve,1,0.0
Punk Rock,given,4,0.0
Punk Rock,excel,1,0.0
Punk Rock,stories,1,0.0
Punk Rock,might,6,0.0
Punk Rock,act,6,0.0
Punk Rock,proud,3,2.0
Punk Rock,respect,1,2.0
Punk Rock,finds,1,0.0
Punk Rock,wrong,21,-2.0
Punk Rock,places,2,0.0
Punk Rock,different,1,0.0
Punk Rock,changed,1,0.0
Punk Rock,pace,2,0.0
Punk Rock,since,3,0.0
Punk Rock,daddy,1,0.0
Punk Rock,left,29,0.0
Punk Rock,bad,11,-3.0
Punk Rock,deserved,1,0.0
Punk Rock,johnny,1,0.0
Punk Rock,played,1,0.0
Punk Rock,fool,5,-2.0
Punk Rock,rules,1,0.0
Punk Rock,often,1,0.0
Punk Rock,suicide,3,-2.0
Punk Rock,put,5,0.0
Punk Rock,cross,4,0.0
Punk Rock,turning,2,0.0
Punk Rock,sound,3,0.0
Punk Rock,gat,1,0.0
Punk Rock,blame,5,-2.0
Punk Rock,lives,3,0.0
Punk Rock,tragedies,1,-2.0
Punk Rock,nobody,12,0.0
Punk Rock,leading,1,2.0
Punk Rock,guess,12,0.0
Punk Rock,story,1,0.0
Punk Rock,goes,8,0.0
Punk Rock,exists,1,0.0
Punk Rock,good.,4,3.0
Punk Rock,forget...,2,-1.0
Punk Rock,name,5,0.0
Punk Rock,let,64,0.0
Punk Rock,trace,4,0.0
Punk Rock,footsteps,2,0.0
Punk Rock,waiting,13,0.0
Punk Rock,sidelines,2,0.0
Punk Rock,hoping,3,2.0
Punk Rock,anything,9,0.0
Punk Rock,behind,2,0.0
Punk Rock,also,2,0.0
Punk Rock,say...,2,0.0
Punk Rock,me.,1,0.0
Punk Rock,thuoght,1,0.0
Punk Rock,name...,2,0.0
Punk Rock,expect,8,0.0
Punk Rock,less.,1,0.0
Punk Rock,expect...,1,0.0
Punk Rock,less,6,0.0
Punk Rock,drunk,3,-2.0
Punk Rock,row,1,0.0
Punk Rock,pretend,13,-1.0
Punk Rock,talk,6,0.0
Punk Rock,fault,5,0.0
Punk Rock,finish,4,0.0
Punk Rock,started.,1,0.0
Punk Rock,damaged,4,-3.0
Punk Rock,ago,4,0.0
Punk Rock,swear,11,-2.0
Punk Rock,true,6,2.0
Punk Rock,found.,1,0.0
Punk Rock,fun,5,4.0
Punk Rock,started,6,0.0
Punk Rock,youthe,1,0.0
Punk Rock,faster,1,0.0
Punk Rock,stopping,1,-1.0
Punk Rock,stalling,1,-2.0
Punk Rock,circles,1,0.0
Punk Rock,looking,4,0.0
Punk Rock,closer,13,0.0
Punk Rock,deep,7,0.0
Punk Rock,lose,5,0.0
Punk Rock,bending,1,0.0
Punk Rock,backwards,1,0.0
Punk Rock,relate,1,0.0
Punk Rock,complain,1,-2.0
Punk Rock,driving,1,0.0
Punk Rock,insane,2,-2.0
Punk Rock,wonder,3,0.0
Punk Rock,fake,2,-3.0
Punk Rock,hide,3,-1.0
Punk Rock,embrace,1,1.0
Punk Rock,easy,2,1.0
Punk Rock,telling,5,0.0
Punk Rock,trouble,2,-2.0
Punk Rock,addict,1,0.0
Punk Rock,addicted,15,0.0
Punk Rock,tied,1,0.0
Punk Rock,knot,1,0.0
Punk Rock,stomach,1,0.0
Punk Rock,whirl,1,0.0
Punk Rock,worse,4,-3.0
Punk Rock,calling,3,0.0
Punk Rock,damn,8,-2.0
Punk Rock,guitar,2,0.0
Punk Rock,i,2,0.0
Punk Rock,listening,12,0.0
Punk Rock,jazz,2,0.0
Punk Rock,mad,6,-3.0
Punk Rock,cellular,2,0.0
Punk Rock,o-oh,10,0.0
Punk Rock,o-ooh,5,0.0
Punk Rock,ooh,3,0.0
Punk Rock,mouth,2,0.0
Punk Rock,rock,2,0.0
Punk Rock,league,2,0.0
Punk Rock,word,12,0.0
Punk Rock,wears,1,0.0
Punk Rock,joke,1,2.0
Punk Rock,voice,8,0.0
Punk Rock,honestly,1,0.0
Punk Rock,choice,2,0.0
Punk Rock,oohi,1,0.0
Punk Rock,addic-,2,0.0
Punk Rock,deserve,2,0.0
Punk Rock,happy,3,3.0
Punk Rock,anyway,4,0.0
Punk Rock,heartbreaker,9,0.0
Punk Rock,met,1,0.0
Punk Rock,you...,1,0.0
Punk Rock,mine,6,0.0
Punk Rock,heartbreaker...,1,0.0
Punk Rock,heartbreakercoming,1,0.0
Punk Rock,peep,1,0.0
Punk Rock,style,1,0.0
Punk Rock,checking,1,0.0
Punk Rock,number,1,0.0
Punk Rock,question,1,0.0
Punk Rock,ignore,1,-1.0
Punk Rock,drop,6,-1.0
Punk Rock,cut,6,-1.0
Punk Rock,tracks,1,0.0
Punk Rock,raps,1,0.0
Punk Rock,backing,2,2.0
Punk Rock,rewind,1,0.0
Punk Rock,stylistic,1,0.0
Punk Rock,division,1,0.0
Punk Rock,non-stop,1,-1.0
Punk Rock,lyrics,1,0.0
Punk Rock,forgotten,1,-1.0
Punk Rock,unforgiven,1,0.0
Punk Rock,meantime,1,0.0
Punk Rock,suppose,1,0.0
Punk Rock,feelings,2,0.0
Punk Rock,dirty,12,-2.0
Punk Rock,spreading,1,0.0
Punk Rock,warning,4,-3.0
Punk Rock,everyone,6,0.0
Punk Rock,ignores,3,-1.0
Punk Rock,clearly,3,1.0
Punk Rock,full,11,0.0
Punk Rock,stress,5,-1.0
Punk Rock,handful,4,0.0
Punk Rock,anger,4,-3.0
Punk Rock,held,8,0.0
Punk Rock,waste,10,-1.0
Punk Rock,rhymes,1,0.0
Punk Rock,riding,1,0.0
Punk Rock,pressure,2,-1.0
Punk Rock,guessing,1,0.0
Punk Rock,together,8,0.0
Punk Rock,gave,3,0.0
Punk Rock,something,7,0.0
Punk Rock,write,6,0.0
Punk Rock,set,1,0.0
Punk Rock,sights,1,0.0
Punk Rock,sweat,4,0.0
Punk Rock,uphill,4,0.0
Punk Rock,struggle,4,-2.0
Punk Rock,fear,5,-2.0
Punk Rock,trash,1,0.0
Punk Rock,talking,3,0.0
Punk Rock,gain,3,2.0
Punk Rock,sidethere,1,0.0
Punk Rock,wondering,1,0.0
Punk Rock,protect,1,1.0
Punk Rock,courtesy,1,2.0
Punk Rock,needed,1,0.0
Punk Rock,afraid,3,-2.0
Punk Rock,upper,3,0.0
Punk Rock,means,2,0.0
Punk Rock,gotta,4,0.0
Punk Rock,putting,1,0.0
Punk Rock,stand-offs,2,0.0
Punk Rock,stand,6,0.0
Punk Rock,util,1,0.0
Punk Rock,minute,7,0.0
Punk Rock,next,6,0.0
Punk Rock,not,6,0.0
Punk Rock,watch,6,0.0
Punk Rock,making,9,0.0
Punk Rock,hit,31,0.0
Punk Rock,floor,30,0.0
Punk Rock,missed,5,-2.0
Punk Rock,shot,3,0.0
Punk Rock,trust,4,1.0
Punk Rock,concerned,1,-2.0
Punk Rock,eggshells,1,0.0
Punk Rock,stepped,2,0.0
Punk Rock,crossed,1,0.0
Punk Rock,counting,1,0.0
Punk Rock,divide,1,0.0
Punk Rock,lied,4,-2.0
Punk Rock,gonei,1,0.0
Punk Rock,anymore,3,0.0
Punk Rock,bliss,2,3.0
Punk Rock,ignorance,2,-2.0
Punk Rock,breathe,11,0.0
Punk Rock,answers,1,0.0
Punk Rock,disappear,1,-1.0
Punk Rock,shut,14,0.0
Punk Rock,faithless,1,0.0
Punk Rock,surface,1,0.0
Punk Rock,expecting,1,0.0
Punk Rock,undertow,4,0.0
Punk Rock,mistake,2,-2.0
Punk Rock,become,14,0.0
Punk Rock,numb,5,-1.0
Punk Rock,tired;,3,-2.0
Punk Rock,aware,3,0.0
Punk Rock,this,5,0.0
Punk Rock,smothering,1,0.0
Punk Rock,holding,1,0.0
Punk Rock,tightly;,1,0.0
Punk Rock,fallen,1,-2.0
Punk Rock,front,4,0.0
Punk Rock,failing,2,-2.0
Punk Rock,starts,1,0.0
Punk Rock,mind;,2,0.0
Punk Rock,designed,2,0.0
Punk Rock,rhyme,2,0.0
Punk Rock,due,1,0.0
Punk Rock,know;,1,0.0
Punk Rock,valuable,1,0.0
Punk Rock,fly,1,0.0
Punk Rock,pendulum,1,0.0
Punk Rock,swings,1,0.0
Punk Rock,count,1,0.0
Punk Rock,ticks,1,0.0
Punk Rock,unreal,1,0.0
Punk Rock,watched,3,0.0
Punk Rock,window,1,0.0
Punk Rock,wasted,1,-2.0
Punk Rock,kept,10,0.0
Punk Rock,eventually,2,0.0
Punk Rock,spite,1,0.0
Punk Rock,mocking,1,-2.0
Punk Rock,acting,1,0.0
Punk Rock,property,1,0.0
Punk Rock,remembering,1,0.0
Punk Rock,fought,1,0.0
Punk Rock,surprised,1,0.0
Punk Rock,recognize,1,0.0
Punk Rock,pushed,6,0.0
Punk Rock,mattercalling,1,0.0
Punk Rock,victim,2,-3.0
Punk Rock,affliction,1,0.0
Punk Rock,failed,1,-2.0
Punk Rock,mention,1,0.0
Punk Rock,first,6,0.0
Punk Rock,confession,1,0.0
Punk Rock,building,1,0.0
Punk Rock,breathing,5,0.0
Punk Rock,scatter,6,0.0
Punk Rock,swore,3,0.0
Punk Rock,move,11,0.0
Punk Rock,along,6,0.0
Punk Rock,dear,1,2.0
Punk Rock,done,3,0.0
Punk Rock,curtain,1,0.0
Punk Rock,bow,1,0.0
Punk Rock,without,2,0.0
Punk Rock,giving,3,0.0
Punk Rock,entire,1,0.0
Punk Rock,ending,1,0.0
Punk Rock,ruined,1,-2.0
Punk Rock,evening,2,0.0
Punk Rock,desperate,2,-3.0
Punk Rock,ounce,1,0.0
Punk Rock,walked,4,0.0
Punk Rock,namei,1,0.0
Punk Rock,fuck,8,-4.0
Punk Rock,luck,5,3.0
Punk Rock,fit,7,1.0
Punk Rock,four!,1,0.0
Punk Rock,strayed,1,0.0
Punk Rock,side,6,0.0
Punk Rock,prove,2,0.0
Punk Rock,dragged,1,-1.0
Punk Rock,bring,1,0.0
Punk Rock,cause,1,0.0
Punk Rock,bigger,1,0.0
Punk Rock,town...have,1,0.0
Punk Rock,faith,2,1.0
Punk Rock,seen,2,0.0
Punk Rock,cling,1,0.0
Punk Rock,seem,2,0.0
Punk Rock,alright,6,0.0
Punk Rock,stay,1,0.0
Punk Rock,safe,1,1.0
Punk Rock,outside,5,0.0
Punk Rock,weight,2,0.0
Punk Rock,shoulders,2,0.0
Punk Rock,yourself.,1,0.0
Punk Rock,draw,1,0.0
Punk Rock,far.,1,0.0
Punk Rock,change,7,0.0
Punk Rock,anyone.,1,0.0
Punk Rock,gone.,1,0.0
Punk Rock,sold,3,0.0
Punk Rock,soul,2,0.0
Punk Rock,open,13,0.0
Punk Rock,road.,2,0.0
Punk Rock,alone.,2,-2.0
Punk Rock,spot.,4,0.0
Punk Rock,stop.,4,-1.0
Punk Rock,turned,6,0.0
Punk Rock,upside,4,0.0
Punk Rock,down.,4,0.0
Punk Rock,meet,4,0.0
Punk Rock,train,4,0.0
Punk Rock,tracks.,4,0.0
Punk Rock,back.,4,0.0
Punk Rock,wrong.,6,-2.0
Punk Rock,downfall,8,0.0
Punk Rock,all.,7,0.0
Punk Rock,along.,1,0.0
Punk Rock,songs.,1,0.0
Punk Rock,now,2,0.0
Punk Rock,out,5,0.0
Punk Rock,ones,2,0.0
Punk Rock,changed.,1,0.0
Punk Rock,feel;,1,0.0
Punk Rock,buy,1,0.0
Punk Rock,sincerity.,1,2.0
Punk Rock,yourselves.,2,0.0
Punk Rock,minds,2,0.0
Punk Rock,signed,2,0.0
Punk Rock,five,2,0.0
Punk Rock,dotted,2,0.0
Punk Rock,line.,2,0.0
Punk Rock,fall.,2,0.0
Punk Rock,all.let,1,0.0
Punk Rock,thrown,3,0.0
Punk Rock,games,2,0.0
Punk Rock,needs,2,0.0
Punk Rock,secret,9,0.0
Punk Rock,anyone,4,0.0
Punk Rock,regret,9,-2.0
Punk Rock,fragile,2,0.0
Punk Rock,deny,1,-2.0
Punk Rock,sleeping,3,0.0
Punk Rock,lie,4,0.0
Punk Rock,eating,2,0.0
Punk Rock,big,2,1.0
Punk Rock,smile,3,2.0
Punk Rock,place,4,0.0
Punk Rock,probably,2,0.0
Punk Rock,tastes,1,0.0
Punk Rock,gives,29,0.0
Punk Rock,hell,29,-4.0
Punk Rock,picket,1,0.0
Punk Rock,fence,1,0.0
Punk Rock,shiny,1,0.0
Punk Rock,seemed,1,0.0
Punk Rock,tense,1,-2.0
Punk Rock,truth,6,0.0
Punk Rock,treats,3,0.0
Punk Rock,tommorow,1,0.0
Punk Rock,thinking,7,0.0
Punk Rock,yourself:,1,0.0
Punk Rock,"where,1,0.0
Punk Rock,list,1,0.0
Punk Rock,memories,1,0.0
Punk Rock,sad,3,-2.0
Punk Rock,wear,1,0.0
Punk Rock,hellshe,1,0.0
Punk Rock,paints,1,0.0
Punk Rock,nails,1,0.0
Punk Rock,phone,3,0.0
Punk Rock,wash,1,0.0
Punk Rock,hair,1,0.0
Punk Rock,posters,1,0.0
Punk Rock,wall,3,0.0
Punk Rock,wished,1,0.0
Punk Rock,boyfriend,4,0.0
Punk Rock,stoned,7,0.0
Punk Rock,nintendo,3,0.0
Punk Rock,flavor,4,0.0
Punk Rock,friday,2,0.0
Punk Rock,million,1,0.0
Punk Rock,connected,1,0.0
Punk Rock,pictures,2,0.0
Punk Rock,knows,1,0.0
Punk Rock,songs,1,0.0
Punk Rock,yeah!,1,1.0
Punk Rock,weakdo,1,0.0
Punk Rock,somehow,4,0.0
Punk Rock,belong,1,0.0
Punk Rock,understands,3,0.0
Punk Rock,lock,1,0.0
Punk Rock,radio,1,0.0
Punk Rock,hears,1,0.0
Punk Rock,kicked,4,0.0
Punk Rock,somebody,17,0.0
Punk Rock,stuck,1,-2.0
Punk Rock,smiles,1,2.0
Punk Rock,stupid,2,-2.0
Punk Rock,bleeding,5,0.0
Punk Rock,straight,1,1.0
Punk Rock,stabbed,1,-2.0
Punk Rock,ok,1,0.0
Punk Rock,lifehey,1,0.0
Punk Rock,according,1,0.0
Punk Rock,wasting,1,-2.0
Punk Rock,disapprove,1,-2.0
Punk Rock,lasts,4,0.0
Punk Rock,perfect,7,3.0
Punk Rock,late,10,0.0
Punk Rock,days,9,0.0
Punk Rock,fight,1,-1.0
Punk Rock,turn,8,0.0
Punk Rock,perfecti,1,0.0
Punk Rock,woke,1,0.0
Punk Rock,waited,1,0.0
Punk Rock,eleven,1,0.0
Punk Rock,figure,1,0.0
Punk Rock,lot,4,0.0
Punk Rock,spending,1,0.0
Punk Rock,everyday,1,0.0
Punk Rock,nightmare,9,0.0
Punk Rock,fair,4,2.0
Punk Rock,cares,7,2.0
Punk Rock,crawl,1,0.0
Punk Rock,bed,2,0.0
Punk Rock,walls,2,0.0
Punk Rock,somewhere,4,0.0
Punk Rock,anybody,1,0.0
Punk Rock,wide,4,0.0
Punk Rock,awake,4,0.0
Punk Rock,bored,1,-2.0
Punk Rock,asleep,1,0.0
Punk Rock,worst,10,-3.0
Punk Rock,tonightin,1,0.0
Punk Rock,wait,10,0.0
Punk Rock,lame,1,-2.0
Punk Rock,scared,1,-2.0
Punk Rock,nervous,1,-2.0
Punk Rock,eat,1,0.0
Punk Rock,almost,3,0.0
Punk Rock,honest,4,2.0
Punk Rock,melt,1,0.0
Punk Rock,worthy,1,2.0
Punk Rock,jealous,1,-2.0
Punk Rock,hint,1,0.0
Punk Rock,capable,1,1.0
Punk Rock,dreamt,1,0.0
Punk Rock,target,1,0.0
Punk Rock,foreveri,1,0.0
Punk Rock,loudest,1,0.0
Punk Rock,traced,1,0.0
Punk Rock,cord,1,0.0
Punk Rock,plugged,1,0.0
Punk Rock,hurried,1,0.0
Punk Rock,depressed,1,-2.0
Punk Rock,conquered,3,0.0
Punk Rock,rarely,3,0.0
Punk Rock,came,4,0.0
Punk Rock,sixteen,3,0.0
Punk Rock,tour,3,0.0
Punk Rock,over,7,0.0
Punk Rock,survived,3,2.0
Punk Rock,till,7,0.0
Punk Rock,home,10,0.0
Punk Rock,six,1,0.0
Punk Rock,months,1,0.0
Punk Rock,unknown,1,0.0
Punk Rock,close,15,0.0
Punk Rock,off,6,0.0
Punk Rock,board,1,0.0
Punk Rock,spilled,1,0.0
Punk Rock,cup,1,0.0
Punk Rock,apple,1,0.0
Punk Rock,juice,1,0.0
Punk Rock,hall,1,0.0
Punk Rock,tomorrow,1,0.0
Punk Rock,holds,1,0.0
Punk Rock,argue,1,0.0
Punk Rock,must,1,0.0
Punk Rock,reasons,1,0.0
Punk Rock,season,1,0.0
Punk Rock,steps,1,0.0
Punk Rock,retrace,1,0.0
Punk Rock,timing,1,0.0
Punk Rock,structure,1,0.0
Punk Rock,fucked,2,-4.0
Punk Rock,buck,1,0.0
Punk Rock,short,1,0.0
Punk Rock,writing,1,0.0
Punk Rock,report,1,0.0
Punk Rock,flailing,1,0.0
Punk Rock,sees,2,0.0
Punk Rock,master,2,0.0
Punk Rock,plan,2,0.0
Punk Rock,growing,8,1.0
Punk Rock,movie,1,0.0
Punk Rock,sneak,1,0.0
Punk Rock,preview,1,0.0
Punk Rock,arm,4,0.0
Punk Rock,guy,1,0.0
Punk Rock,charade,1,0.0
Punk Rock,upi,1,0.0
Punk Rock,wore,1,0.0
Punk Rock,cologne,1,0.0
Punk Rock,pants,1,0.0
Punk Rock,likes,3,2.0
Punk Rock,twenty-three,3,0.0
Punk Rock,amused,2,3.0
Punk Rock,shows,1,0.0
Punk Rock,age,12,0.0
Punk Rock,later,1,0.0
Punk Rock,cops,1,0.0
Punk Rock,state,1,0.0
Punk Rock,looks,1,0.0
Punk Rock,sodomy,1,0.0
Punk Rock,bitch,1,-5.0
Punk Rock,hung,1,0.0
Punk Rock,prank,1,0.0
Punk Rock,freshman,1,0.0
Punk Rock,seriously,1,0.0
Punk Rock,ahead,1,0.0
Punk Rock,small,1,0.0
Punk Rock,brings,1,0.0
Punk Rock,lift,1,0.0
Punk Rock,trip,5,0.0
Punk Rock,commiserating,1,0.0
Punk Rock,nanana...,2,0.0
Punk Rock,sucks,1,-3.0
Punk Rock,roses,1,0.0
Punk Rock,stairs,1,0.0
Punk Rock,surprises,1,0.0
Punk Rock,thrill,2,0.0
Punk Rock,windmill,1,0.0
Punk Rock,windmillhello,1,0.0
Punk Rock,angel,1,0.0
Punk Rock,background,1,0.0
Punk Rock,morgue,1,0.0
Punk Rock,unsuspecting,1,0.0
Punk Rock,valley,1,0.0
Punk Rock,jack,1,0.0
Punk Rock,sally,1,0.0
Punk Rock,halloween,1,0.0
Punk Rock,dream,3,1.0
Punk Rock,strange,1,-1.0
Punk Rock,creeping,1,0.0
Punk Rock,haunting,1,1.0
Punk Rock,stared,1,0.0
Punk Rock,counted,1,0.0
Punk Rock,webs,1,0.0
Punk Rock,spiders,1,0.0
Punk Rock,catching,1,0.0
Punk Rock,insides,1,0.0
Punk Rock,indecision,1,0.0
Punk Rock,treason,1,-3.0
Punk Rock,already,6,0.0
Punk Rock,said...,2,0.0
Punk Rock,dime,3,0.0
Punk Rock,dozen.,1,0.0
Punk Rock,dozen.",1,0.0
Punk Rock,touch,1,0.0
Punk Rock,overrated.,1,0.0
Punk Rock,lush,1,0.0
Punk Rock,grass,1,0.0
Punk Rock,stains,1,0.0
Punk Rock,knees...,1,0.0
Punk Rock,thing.",1,0.0
Punk Rock,missing,1,-2.0
Punk Rock,quite,2,0.0
Punk Rock,that...,1,0.0
Punk Rock,unless,8,0.0
Punk Rock,to,2,0.0
Punk Rock,slit,1,0.0
Punk Rock,gasping,1,0.0
Punk Rock,breath,1,0.0
Punk Rock,apologize,1,-1.0
Punk Rock,wishful,2,0.0
Punk Rock,thinker,2,0.0
Punk Rock,intentions,2,0.0
Punk Rock,news,5,0.0
Punk Rock,liar,4,-3.0
Punk Rock,filled,1,0.0
Punk Rock,smoke,2,0.0
Punk Rock,veins,1,0.0
Punk Rock,tangled,1,0.0
Punk Rock,jukebox,1,0.0
Punk Rock,bars,1,0.0
Punk Rock,frequent,1,0.0
Punk Rock,safest,1,0.0
Punk Rock,obvious,1,0.0
Punk Rock,weakness,6,-2.0
Punk Rock,shaking,1,0.0
Punk Rock,badly,9,-3.0
Punk Rock,inarticulate,1,0.0
Punk Rock,store-bought,1,0.0
Punk Rock,hangover,1,0.0
Punk Rock,hobby,1,0.0
Punk Rock,kit,1,0.0
Punk Rock,scissor-shaped,1,0.0
Punk Rock,across,1,0.0
Punk Rock,red,2,0.0
Punk Rock,violent,1,-3.0
Punk Rock,hollow,2,-1.0
Punk Rock,sure,3,0.0
Punk Rock,wayi,1,0.0
Punk Rock,within,2,0.0
Punk Rock,pure,2,1.0
Punk Rock,sunlight,1,0.0
Punk Rock,dearest,1,0.0
Punk Rock,burned,1,0.0
Punk Rock,shall,1,0.0
Punk Rock,re-grown,1,0.0
Punk Rock,vicious,1,-2.0
Punk Rock,begin,6,0.0
Punk Rock,-,1,0.0
Punk Rock,shown,1,0.0
Punk Rock,tree,1,0.0
Punk Rock,reached,2,1.0
Punk Rock,replace,3,0.0
Punk Rock,working,1,0.0
Punk Rock,goal,1,0.0
Punk Rock,children,1,0.0
Punk Rock,gold,1,2.0
Punk Rock,recite,1,0.0
Punk Rock,begini,1,0.0
Punk Rock,darker,1,0.0
Punk Rock,blew,1,0.0
Punk Rock,roof,1,0.0
Punk Rock,fed,1,0.0
Punk Rock,saw,6,0.0
Punk Rock,panic,1,-3.0
Punk Rock,virginia,1,0.0
Punk Rock,rid,2,0.0
Punk Rock,langley,1,0.0
Punk Rock,sat,3,0.0
Punk Rock,knowing,1,0.0
Punk Rock,dispose,1,0.0
Punk Rock,hunger,1,-2.0
Punk Rock,soap,1,0.0
Punk Rock,operas,1,0.0
Punk Rock,perfection,1,3.0
Punk Rock,box,1,0.0
Punk Rock,heartache,1,0.0
Punk Rock,cure,1,0.0
Punk Rock,cancer,1,-1.0
Punk Rock,awoke,1,0.0
Punk Rock,can,2,0.0
Punk Rock,letter,3,0.0
Punk Rock,float,2,0.0
Punk Rock,yousometimes,1,0.0
Punk Rock,brave,1,2.0
Punk Rock,stronger,1,2.0
Punk Rock,shy,1,-1.0
Punk Rock,angry,6,-3.0
Punk Rock,careless,4,-2.0
Punk Rock,confused,4,-2.0
Punk Rock,cheap,4,0.0
Punk Rock,unfaithful,4,0.0
Punk Rock,smart,1,1.0
Punk Rock,cures,1,0.0
Punk Rock,power,1,0.0
Punk Rock,overthis,1,0.0
Punk Rock,useless,1,-2.0
Punk Rock,white,1,0.0
Punk Rock,pills,1,0.0
Punk Rock,hour,1,0.0
Punk Rock,grinded,1,0.0
Punk Rock,concrete,1,0.0
Punk Rock,slowly,1,0.0
Punk Rock,finished,1,0.0
Punk Rock,laughing,1,1.0
Punk Rock,glow,1,0.0
Punk Rock,faintly,1,0.0
Punk Rock,bedroom,1,0.0
Punk Rock,laid,1,0.0
Punk Rock,notes,1,0.0
Punk Rock,wrote,1,0.0
Punk Rock,hidden,1,0.0
Punk Rock,message,1,0.0
Punk Rock,avenue,1,0.0
Punk Rock,staying,4,0.0
Punk Rock,corner,1,0.0
Punk Rock,cherry,1,0.0
Punk Rock,beach,1,0.0
Punk Rock,bare,1,0.0
Punk Rock,eighteen,1,0.0
Punk Rock,waves,3,0.0
Punk Rock,crash,3,-2.0
Punk Rock,piece,1,0.0
Punk Rock,begging,1,0.0
Punk Rock,here,1,0.0
Punk Rock,pretending,1,-1.0
Punk Rock,yeahbroken,1,0.0
Punk Rock,reason,1,0.0
Punk Rock,lungs,3,0.0
Punk Rock,only,4,0.0
Punk Rock,ran,1,0.0
Punk Rock,whole,1,0.0
Punk Rock,ground,1,0.0
Punk Rock,dishonestly,1,0.0
Punk Rock,note,2,0.0
Punk Rock,onebelieve,1,0.0
Punk Rock,search,1,0.0
Punk Rock,clocks,1,0.0
Punk Rock,underwater,6,0.0
Punk Rock,abandoned,6,-2.0
Punk Rock,slower,1,0.0
Punk Rock,sinking,1,0.0
Punk Rock,burden,2,-2.0
Punk Rock,forgive,1,1.0
Punk Rock,youlet,1,0.0
Punk Rock,skin,2,0.0
Punk Rock,driven,1,0.0
Punk Rock,consumed,1,0.0
Punk Rock,goi,1,0.0
Punk Rock,tear,10,0.0
Punk Rock,sew,5,0.0
Punk Rock,scars,7,-2.0
Punk Rock,pissed,2,-4.0
Punk Rock,channeled,1,0.0
Punk Rock,fix,4,0.0
Punk Rock,advice,1,0.0
Punk Rock,realized,2,0.0
Punk Rock,offered,1,0.0
Punk Rock,nature,1,0.0
Punk Rock,grab,1,0.0
Punk Rock,yourself!,1,0.0
Punk Rock,least,2,0.0
Punk Rock,feel.cut,1,-1.0
Punk Rock,resort,4,0.0
Punk Rock,suffocation,3,0.0
Punk Rock,tonight;,2,0.0
Punk Rock,chances,2,2.0
Punk Rock,mutilation,2,0.0
Punk Rock,sight,8,0.0
Punk Rock,contemplating,2,0.0
Punk Rock,spread,1,0.0
Punk Rock,thin,1,0.0
Punk Rock,empty,3,-1.0
Punk Rock,feeding,1,0.0
Punk Rock,chaos,1,-2.0
Punk Rock,sin,1,-2.0
Punk Rock,downward,1,0.0
Punk Rock,spiral,1,0.0
Punk Rock,mother,1,0.0
Punk Rock,searching,1,0.0
Punk Rock,lover,1,0.0
Punk Rock,higher,1,0.0
Punk Rock,level,1,0.0
Punk Rock,finding,1,0.0
Punk Rock,devils,1,0.0
Punk Rock,rightif,1,0.0
Punk Rock,ripped,1,0.0
Punk Rock,refusing,2,-2.0
Punk Rock,riot,26,-2.0
Punk Rock,filthy,1,-2.0
Punk Rock,painful,1,-2.0
Punk Rock,riotevery,1,0.0
Punk Rock,yet,3,0.0
Punk Rock,roommate,1,0.0
Punk Rock,sigh,1,-2.0
Punk Rock,escape,4,-1.0
Punk Rock,caged,1,0.0
Punk Rock,darkest,3,-2.0
Punk Rock,animal,15,0.0
Punk Rock,tame,5,0.0
Punk Rock,becomeam,1,0.0
Punk Rock,charm,1,3.0
Punk Rock,compare,2,0.0
Punk Rock,whose,2,0.0
Punk Rock,unwrite,2,0.0
Punk Rock,pages,2,0.0
Punk Rock,porches,3,0.0
Punk Rock,swing,7,0.0
Punk Rock,minimum,3,0.0
Punk Rock,wage,3,0.0
Punk Rock,labor,3,0.0
Punk Rock,slave,3,-3.0
Punk Rock,winters,1,0.0
Punk Rock,cold,1,0.0
Punk Rock,summers,1,0.0
Punk Rock,soon,1,0.0
Punk Rock,pack,1,0.0
Punk Rock,bags,1,0.0
Punk Rock,settle,1,0.0
Punk Rock,palm,1,0.0
Punk Rock,trees,1,0.0
Punk Rock,hardly,1,0.0
Punk Rock,trade,1,0.0
Punk Rock,chase,1,0.0
Punk Rock,away...,4,0.0
Mood Booster,could,22,0.0
Mood Booster,lift,3,0.0
Mood Booster,show,32,0.0
Mood Booster,want,29,1.0
Mood Booster,see,40,0.0
Mood Booster,take,31,0.0
Mood Booster,luck,8,3.0
Mood Booster,even,16,0.0
Mood Booster,sky,5,0.0
Mood Booster,falling,5,-1.0
Mood Booster,know,66,0.0
Mood Booster,safe,18,1.0
Mood Booster,sound,18,0.0
Mood Booster,fill,4,0.0
Mood Booster,cup,3,0.0
Mood Booster,river,1,0.0
Mood Booster,evaporate,1,0.0
Mood Booster,world,22,0.0
Mood Booster,still,12,0.0
Mood Booster,appreciate,1,2.0
Mood Booster,hurricane,1,0.0
Mood Booster,frowns,1,0.0
Mood Booster,love,43,3.0
Mood Booster,tidal,1,0.0
Mood Booster,wave,1,0.0
Mood Booster,mystery,1,0.0
Mood Booster,standing,2,0.0
Mood Booster,next,6,0.0
Mood Booster,six,1,0.0
Mood Booster,feet,2,0.0
Mood Booster,underground,1,0.0
Mood Booster,soundsaturday,1,0.0
Mood Booster,morning,2,0.0
Mood Booster,jumped,2,0.0
Mood Booster,bed,2,0.0
Mood Booster,put,6,0.0
Mood Booster,best,11,3.0
Mood Booster,suit,8,0.0
Mood Booster,got,47,0.0
Mood Booster,car,1,0.0
Mood Booster,raced,1,0.0
Mood Booster,like,65,2.0
Mood Booster,jet,1,0.0
Mood Booster,way,24,0.0
Mood Booster,knocked,1,0.0
Mood Booster,door,3,0.0
Mood Booster,heart,4,0.0
Mood Booster,hand,13,0.0
Mood Booster,ask,1,0.0
Mood Booster,question,1,0.0
Mood Booster,old-fashioned,1,0.0
Mood Booster,man,10,0.0
Mood Booster,yeah,27,1.0
Mood Booster,daughter,4,0.0
Mood Booster,rest,3,0.0
Mood Booster,say,37,0.0
Mood Booster,yes,8,1.0
Mood Booster,need,14,0.0
Mood Booster,never,41,0.0
Mood Booster,get,97,0.0
Mood Booster,blessings,3,3.0
Mood Booster,till,16,0.0
Mood Booster,day,17,0.0
Mood Booster,die,4,-3.0
Mood Booster,"tough,3,0.0
Mood Booster,friend,3,1.0
Mood Booster,answer,1,0.0
Mood Booster,no!",3,-1.0
Mood Booster,gotta,27,0.0
Mood Booster,human,3,0.0
Mood Booster,gonna,62,0.0
Mood Booster,marry,15,0.0
Mood Booster,anyway,6,0.0
Mood Booster,girl,21,0.0
Mood Booster,matter,3,1.0
Mood Booster,family,3,0.0
Mood Booster,hate,3,-3.0
Mood Booster,this,2,0.0
Mood Booster,leave,8,-1.0
Mood Booster,choice,1,0.0
Mood Booster,live,8,0.0
Mood Booster,without,1,0.0
Mood Booster,boys,1,0.0
Mood Booster,altar,1,0.0
Mood Booster,run,42,0.0
Mood Booster,away,16,0.0
Mood Booster,another,2,0.0
Mood Booster,galaxy,1,0.0
Mood Booster,go,38,0.0
Mood Booster,anywhere,1,0.0
Mood Booster,means,1,0.0
Mood Booster,scared,7,-2.0
Mood Booster,dentists,1,0.0
Mood Booster,dark,7,0.0
Mood Booster,pretty,3,1.0
Mood Booster,girls,5,0.0
Mood Booster,starting,1,0.0
Mood Booster,conversations,1,0.0
Mood Booster,oh,62,0.0
Mood Booster,friends,9,0.0
Mood Booster,turning,1,0.0
Mood Booster,green,2,0.0
Mood Booster,assistant,1,0.0
Mood Booster,dream,6,1.0
Mood Booster,ah,3,0.0
Mood Booster,ooh,15,0.0
Mood Booster,come,18,0.0
Mood Booster,unstuck,2,0.0
Mood Booster,lady,6,0.0
Mood Booster,running,8,0.0
Mood Booster,riptide,5,0.0
Mood Booster,taken,6,0.0
Mood Booster,side,7,0.0
Mood Booster,left,9,0.0
Mood Booster,singing,8,0.0
Mood Booster,song,16,0.0
Mood Booster,lump,6,0.0
Mood Booster,throat,6,0.0
Mood Booster,sing,10,0.0
Mood Booster,words,9,0.0
Mood Booster,wrong,9,-2.0
Mood Booster,movie,1,0.0
Mood Booster,think,18,0.0
Mood Booster,guy,2,0.0
Mood Booster,decides,1,0.0
Mood Booster,quit,1,0.0
Mood Booster,job,1,0.0
Mood Booster,heads,1,0.0
Mood Booster,new,4,0.0
Mood Booster,york,2,0.0
Mood Booster,city,7,0.0
Mood Booster,living,1,0.0
Mood Booster,highest,1,0.0
Mood Booster,shelf,2,0.0
Mood Booster,to,2,0.0
Mood Booster,stay,7,0.0
Mood Booster,it,17,0.0
Mood Booster,swear,12,-2.0
Mood Booster,destined,1,0.0
Mood Booster,screen,1,0.0
Mood Booster,closest,1,0.0
Mood Booster,thing,6,0.0
Mood Booster,michelle,1,0.0
Mood Booster,pfeiffer,1,0.0
Mood Booster,ever,14,0.0
Mood Booster,seen,6,0.0
Mood Booster,wronggive,1,0.0
Mood Booster,second,3,0.0
Mood Booster,i,6,0.0
Mood Booster,story,1,0.0
Mood Booster,straight,1,1.0
Mood Booster,bathroom,1,0.0
Mood Booster,getting,2,0.0
Mood Booster,higher,1,0.0
Mood Booster,empire,1,0.0
Mood Booster,state,1,0.0
Mood Booster,lover,1,0.0
Mood Booster,waiting,3,0.0
Mood Booster,across,1,0.0
Mood Booster,bar,6,0.0
Mood Booster,sunglasses,1,0.0
Mood Booster,asking,1,0.0
Mood Booster,scar,1,-2.0
Mood Booster,gave,5,0.0
Mood Booster,months,2,0.0
Mood Booster,ago,1,0.0
Mood Booster,trying,6,0.0
Mood Booster,forget,14,-1.0
Mood Booster,drinks,1,0.0
Mood Booster,subtle,1,0.0
Mood Booster,things,32,0.0
Mood Booster,holes,1,0.0
Mood Booster,apologies,1,0.0
Mood Booster,hard,17,-1.0
Mood Booster,back,16,0.0
Mood Booster,time,15,0.0
Mood Booster,closes,2,0.0
Mood Booster,feel,20,0.0
Mood Booster,carry,9,0.0
Mood Booster,home,14,0.0
Mood Booster,tonight,25,0.0
Mood Booster,young,8,0.0
Mood Booster,set,6,0.0
Mood Booster,fire,9,-2.0
Mood Booster,burn,8,0.0
Mood Booster,brighter,6,0.0
Mood Booster,sun,17,0.0
Mood Booster,now,3,0.0
Mood Booster,guess,4,0.0
Mood Booster,thought,5,0.0
Mood Booster,maybe,1,0.0
Mood Booster,find,5,0.0
Mood Booster,ways,1,0.0
Mood Booster,fall,13,0.0
Mood Booster,apart,2,0.0
Mood Booster,raise,4,0.0
Mood Booster,toast,3,0.0
Mood Booster,found,4,0.0
Mood Booster,someone,3,0.0
Mood Booster,na,16,0.0
Mood Booster,moon,3,0.0
Mood Booster,reason,6,0.0
Mood Booster,angels,1,0.0
Mood Booster,arrived,1,0.0
Mood Booster,hear,9,0.0
Mood Booster,choir,1,0.0
Mood Booster,tonightunfortunately,1,0.0
Mood Booster,licensed,1,0.0
Mood Booster,display,1,0.0
Mood Booster,full,4,0.0
Mood Booster,lyrics,1,0.0
Mood Booster,moment.,1,0.0
Mood Booster,hopefully,1,2.0
Mood Booster,able,1,0.0
Mood Booster,future.,1,0.0
Mood Booster,then...,1,0.0
Mood Booster,random,2,0.0
Mood Booster,well,16,0.0
Mood Booster,imagine,1,0.0
Mood Booster,pacing,1,0.0
Mood Booster,pews,1,0.0
Mood Booster,church,1,0.0
Mood Booster,corridor,1,0.0
Mood Booster,help,2,2.0
Mood Booster,no,7,-1.0
Mood Booster,exchanging,1,0.0
Mood Booster,"what,1,0.0
Mood Booster,beautiful,9,3.0
Mood Booster,wedding,1,0.0
Mood Booster,wedding!",1,0.0
Mood Booster,says,1,0.0
Mood Booster,bridesmaid,1,0.0
Mood Booster,waiter,1,0.0
Mood Booster,"oh,4,0.0
Mood Booster,shame,3,-2.0
Mood Booster,poor,1,-2.0
Mood Booster,bride,1,0.0
Mood Booster,whore...",1,-4.0
Mood Booster,chime,6,0.0
Mood Booster,people,8,0.0
Mood Booster,heard,8,0.0
Mood Booster,closing,6,0.0
Mood Booster,goddamn,6,-3.0
Mood Booster,much,9,0.0
Mood Booster,better,38,2.0
Mood Booster,face,17,0.0
Mood Booster,kinds,6,0.0
Mood Booster,sense,7,0.0
Mood Booster,poise,5,0.0
Mood Booster,rationality,5,0.0
Mood Booster,in,4,0.0
Mood Booster,fact,3,0.0
Mood Booster,look,20,0.0
Mood Booster,mean,3,0.0
Mood Booster,technically,2,0.0
Mood Booster,marriage,2,0.0
Mood Booster,saved,3,2.0
Mood Booster,calls,2,0.0
Mood Booster,pour,3,0.0
Mood Booster,champagne,3,0.0
Mood Booster,againi,1,0.0
Mood Booster,fly,12,0.0
Mood Booster,paper,2,0.0
Mood Booster,high,4,0.0
Mood Booster,planes,3,0.0
Mood Booster,catch,4,0.0
Mood Booster,border,2,0.0
Mood Booster,visas,2,0.0
Mood Booster,name,14,0.0
Mood Booster,around,14,0.0
Mood Booster,here,8,0.0
Mood Booster,make,20,0.0
Mood Booster,one,13,0.0
Mood Booster,done,8,0.0
Mood Booster,wait,7,0.0
Mood Booster,sometimes,2,0.0
Mood Booster,trains,3,0.0
Mood Booster,every,15,0.0
Mood Booster,step,2,0.0
Mood Booster,game,4,0.0
Mood Booster,winner,2,4.0
Mood Booster,making,5,0.0
Mood Booster,fame,2,1.0
Mood Booster,bona,1,0.0
Mood Booster,fide,1,0.0
Mood Booster,hustler,2,0.0
Mood Booster,bonafide,1,0.0
Mood Booster,wanna,27,0.0
Mood Booster,money,15,0.0
Mood Booster,pirate,2,0.0
Mood Booster,skulls,2,0.0
Mood Booster,bones,2,0.0
Mood Booster,sticks,2,0.0
Mood Booster,stones,2,0.0
Mood Booster,weed,2,0.0
Mood Booster,bongs,2,0.0
Mood Booster,hit,6,0.0
Mood Booster,lethal,2,-2.0
Mood Booster,poison,2,-2.0
Mood Booster,system,2,0.0
Mood Booster,corner,2,0.0
Mood Booster,swagger,2,0.0
Mood Booster,us,5,0.0
Mood Booster,burner,2,0.0
Mood Booster,prepaid,2,0.0
Mood Booster,wireless,2,0.0
Mood Booster,pack,2,0.0
Mood Booster,deliver,2,0.0
Mood Booster,ups,2,0.0
Mood Booster,trucks,2,0.0
Mood Booster,already,6,0.0
Mood Booster,pumping,2,0.0
Mood Booster,gas,2,0.0
Mood Booster,m.i.a.,1,0.0
Mood Booster,third,1,0.0
Mood Booster,democracy,1,0.0
Mood Booster,records,3,0.0
Mood Booster,kgb,1,0.0
Mood Booster,so,1,0.0
Mood Booster,uh,4,0.0
Mood Booster,funny,1,4.0
Mood Booster,business,1,0.0
Mood Booster,murder,2,-2.0
Mood Booster,let,25,0.0
Mood Booster,moneyyou,1,0.0
Mood Booster,would,19,0.0
Mood Booster,believe,11,0.0
Mood Booster,eyes,28,0.0
Mood Booster,ten,3,0.0
Mood Booster,million,2,0.0
Mood Booster,fireflies,2,0.0
Mood Booster,lit,1,0.0
Mood Booster,fell,3,0.0
Mood Booster,asleep,7,0.0
Mood Booster,open,3,0.0
Mood Booster,air,6,0.0
Mood Booster,teardrops,1,0.0
Mood Booster,everywhere,2,0.0
Mood Booster,rude,1,-2.0
Mood Booster,stand,2,0.0
Mood Booster,stare,1,0.0
Mood Booster,planet,5,0.0
Mood Booster,earth,5,0.0
Mood Booster,turns,5,0.0
Mood Booster,slowly,5,0.0
Mood Booster,rather,5,0.0
Mood Booster,awake,5,0.0
Mood Booster,everything,6,0.0
Mood Booster,seems,6,0.0
Mood Booster,thousand,4,0.0
Mood Booster,hugs,1,2.0
Mood Booster,lightning,1,0.0
Mood Booster,bugs,1,0.0
Mood Booster,try,2,0.0
Mood Booster,teach,1,0.0
Mood Booster,dance,15,0.0
Mood Booster,foxtrot,1,0.0
Mood Booster,head,4,0.0
Mood Booster,sock,1,0.0
Mood Booster,hop,1,0.0
Mood Booster,beneath,1,0.0
Mood Booster,disco,1,0.0
Mood Booster,ball,2,0.0
Mood Booster,hanging,2,0.0
Mood Booster,thread,1,0.0
Mood Booster,crack,2,0.0
Mood Booster,insomniac,1,0.0
Mood Booster,tire,1,0.0
Mood Booster,counting,1,0.0
Mood Booster,far,6,0.0
Mood Booster,tired,1,-2.0
Mood Booster,weird,1,-2.0
Mood Booster,goodbyes,1,0.0
Mood Booster,misty,1,0.0
Mood Booster,said,27,0.0
Mood Booster,farewell,1,0.0
Mood Booster,several,1,0.0
Mood Booster,dreams,2,1.0
Mood Booster,real,2,0.0
Mood Booster,bizarre,1,-2.0
Mood Booster,keep,7,0.0
Mood Booster,jar,1,0.0
Mood Booster,bursting,1,0.0
Mood Booster,seamsnow,1,0.0
Mood Booster,together,7,0.0
Mood Booster,felt,4,0.0
Mood Booster,happy,4,3.0
Mood Booster,told,5,0.0
Mood Booster,right,12,0.0
Mood Booster,lonely,3,-2.0
Mood Booster,company,1,0.0
Mood Booster,ache,1,-2.0
Mood Booster,remember,5,0.0
Mood Booster,addicted,1,0.0
Mood Booster,certain,1,1.0
Mood Booster,kind,6,2.0
Mood Booster,sadness,1,0.0
Mood Booster,resignation,1,0.0
Mood Booster,end,2,0.0
Mood Booster,always,4,0.0
Mood Booster,admit,1,-1.0
Mood Booster,glad,2,3.0
Mood Booster,cut,3,-1.0
Mood Booster,happened,5,0.0
Mood Booster,nothing,10,0.0
Mood Booster,treat,2,0.0
Mood Booster,stranger,2,0.0
Mood Booster,feels,3,0.0
Mood Booster,rough,2,0.0
Mood Booster,stoop,2,0.0
Mood Booster,low,2,0.0
Mood Booster,collect,2,0.0
Mood Booster,change,6,0.0
Mood Booster,number,3,0.0
Mood Booster,though,2,0.0
Mood Booster,somebody,12,0.0
Mood Booster,used,20,0.0
Mood Booster,times,7,0.0
Mood Booster,screwed,1,-2.0
Mood Booster,believing,1,0.0
Mood Booster,something,2,0.0
Mood Booster,reading,1,0.0
Mood Booster,word,6,0.0
Mood Booster,hung,1,0.0
Mood Booster,somebodyi,1,0.0
Mood Booster,big,2,1.0
Mood Booster,loud,4,0.0
Mood Booster,touched,1,0.0
Mood Booster,clouds,5,0.0
Mood Booster,wo-oah-oah-oah-oah-oh,4,0.0
Mood Booster,stretched,1,0.0
Mood Booster,hands,1,0.0
Mood Booster,danced,1,0.0
Mood Booster,monsters,1,0.0
Mood Booster,night,99,0.0
Mood Booster,whoa,2,0.0
Mood Booster,give,13,0.0
Mood Booster,up,16,0.0
Mood Booster,please,2,1.0
Mood Booster,wake,3,0.0
Mood Booster,life,10,0.0
Mood Booster,life-ah-ah-ah-ah-ah-ife,6,0.0
Mood Booster,howled,1,0.0
Mood Booster,came,4,0.0
Mood Booster,crashing,1,0.0
Mood Booster,possibilities,1,0.0
Mood Booster,limits,1,-1.0
Mood Booster,epiphanies,1,0.0
Mood Booster,calling,1,0.0
Mood Booster,outside,1,0.0
Mood Booster,window,1,0.0
Mood Booster,soul,8,0.0
Mood Booster,stars,6,0.0
Mood Booster,burning,1,0.0
Mood Booster,bright,2,1.0
Mood Booster,midnight,1,0.0
Mood Booster,lose,4,0.0
Mood Booster,control,2,0.0
Mood Booster,be,2,0.0
Mood Booster,looking,12,0.0
Mood Booster,everybody,2,0.0
Mood Booster,life-ah-ah-ah-ah-ah-ifei,1,0.0
Mood Booster,rule,1,0.0
Mood Booster,seas,1,0.0
Mood Booster,rise,2,1.0
Mood Booster,sleep,1,0.0
Mood Booster,alone,2,-2.0
Mood Booster,sweep,1,0.0
Mood Booster,streets,2,0.0
Mood Booster,roll,4,0.0
Mood Booster,dice,1,0.0
Mood Booster,fear,1,-2.0
Mood Booster,listen,3,0.0
Mood Booster,crowd,1,0.0
Mood Booster,"now,1,0.0
Mood Booster,old,1,0.0
Mood Booster,king,1,0.0
Mood Booster,dead!,1,-3.0
Mood Booster,long,6,0.0
Mood Booster,king!",1,0.0
Mood Booster,minute,1,0.0
Mood Booster,held,1,0.0
Mood Booster,key,1,0.0
Mood Booster,walls,4,0.0
Mood Booster,closed,1,0.0
Mood Booster,discovered,1,0.0
Mood Booster,castles,1,0.0
Mood Booster,upon,1,0.0
Mood Booster,pillars,2,0.0
Mood Booster,salt,1,0.0
Mood Booster,sand,1,0.0
Mood Booster,jerusalem,3,0.0
Mood Booster,bells,3,0.0
Mood Booster,a-ringing,3,0.0
Mood Booster,roman,3,0.0
Mood Booster,cavalry,3,0.0
Mood Booster,choirs,3,0.0
Mood Booster,mirror,3,0.0
Mood Booster,sword,3,0.0
Mood Booster,shield,3,0.0
Mood Booster,missionaries,3,0.0
Mood Booster,foreign,3,0.0
Mood Booster,field,3,0.0
Mood Booster,explain,3,0.0
Mood Booster,gone,5,0.0
Mood Booster,honest,3,2.0
Mood Booster,ruled,3,0.0
Mood Booster,wicked,1,-2.0
Mood Booster,wild,1,0.0
Mood Booster,wind,1,0.0
Mood Booster,blew,2,0.0
Mood Booster,doors,2,0.0
Mood Booster,shattered,1,-2.0
Mood Booster,windows,1,0.0
Mood Booster,drums,1,0.0
Mood Booster,become,1,0.0
Mood Booster,revolutionaries,1,0.0
Mood Booster,silver,1,0.0
Mood Booster,plate,1,0.0
Mood Booster,puppet,1,0.0
Mood Booster,string,1,0.0
Mood Booster,saint,2,0.0
Mood Booster,peter,2,0.0
Mood Booster,call,12,0.0
Mood Booster,quick,1,0.0
Mood Booster,room,1,0.0
Mood Booster,tell,7,0.0
Mood Booster,plan,1,0.0
Mood Booster,rolled,1,0.0
Mood Booster,cigarette,2,0.0
Mood Booster,mouth,1,0.0
Mood Booster,cowboy,1,0.0
Mood Booster,kid,1,0.0
Mood Booster,six-shooter,1,0.0
Mood Booster,gun,8,-1.0
Mood Booster,closet,1,0.0
Mood Booster,box,1,0.0
Mood Booster,fun,8,4.0
Mood Booster,coming,7,0.0
Mood Booster,you,2,0.0
Mood Booster,kids,14,0.0
Mood Booster,pumped,14,0.0
Mood Booster,kicks,15,0.0
Mood Booster,outrun,7,0.0
Mood Booster,faster,7,0.0
Mood Booster,bullet,6,0.0
Mood Booster,daddy,2,0.0
Mood Booster,works,2,0.0
Mood Booster,late,4,0.0
Mood Booster,bringing,4,0.0
Mood Booster,surprise,1,0.0
Mood Booster,kitchen,1,0.0
Mood Booster,packed,1,0.0
Mood Booster,ice,1,0.0
Mood Booster,waited,1,0.0
Mood Booster,sleight,1,0.0
Mood Booster,quick-pull,1,0.0
Mood Booster,trigger,1,0.0
Mood Booster,"your,1,0.0
Mood Booster,must,1,0.0
Mood Booster,lost,2,-3.0
Mood Booster,wits",1,2.0
Mood Booster,ru-ru-ru-run,2,0.0
Mood Booster,ru-ru-ru-ru-run,1,0.0
Mood Booster,ru-run,1,0.0
Mood Booster,bulletmaroon,1,0.0
Mood Booster,5:,2,0.0
Mood Booster,payphone,5,0.0
Mood Booster,spent,4,0.0
Mood Booster,baby,9,0.0
Mood Booster,plans,4,0.0
Mood Booster,made,6,0.0
Mood Booster,two,5,0.0
Mood Booster,harder,1,0.0
Mood Booster,picture,1,0.0
Mood Booster,wasted,3,-2.0
Mood Booster,bridges,2,0.0
Mood Booster,burned,3,0.0
Mood Booster,nights,2,0.0
Mood Booster,turned,3,0.0
Mood Booster,lights,5,0.0
Mood Booster,paralyzed,2,0.0
Mood Booster,stuck,3,-2.0
Mood Booster,called,2,0.0
Mood Booster,sets,2,0.0
Mood Booster,paradise,2,3.0
Mood Booster,exist,3,0.0
Mood Booster,holding,8,0.0
Mood Booster,fairytales,3,0.0
Mood Booster,shit,14,-4.0
Mood Booster,fucking,3,-4.0
Mood Booster,sick,4,-2.0
Mood Booster,tomorrow,1,0.0
Mood Booster,forgot,1,-1.0
Mood Booster,yesterday,1,0.0
Mood Booster,borrow,1,0.0
Mood Booster,expect,2,0.0
Mood Booster,fine,2,2.0
Mood Booster,care,8,2.0
Mood Booster,before,1,0.0
Mood Booster,wiz,1,0.0
Mood Booster,khalifa:,1,0.0
Mood Booster,fuck,1,-4.0
Mood Booster,spending,2,0.0
Mood Booster,sitting,1,0.0
Mood Booster,wondering,1,0.0
Mood Booster,bottom,1,0.0
Mood Booster,cars,2,0.0
Mood Booster,start,1,0.0
Mood Booster,push,1,0.0
Mood Booster,button,1,0.0
Mood Booster,telling,2,0.0
Mood Booster,changed,5,0.0
Mood Booster,since,2,0.0
Mood Booster,whatever,2,0.0
Mood Booster,switched,1,0.0
Mood Booster,phone,2,0.0
Mood Booster,shirt,1,0.0
Mood Booster,swish,1,0.0
Mood Booster,coulda,1,0.0
Mood Booster,picked,2,0.0
Mood Booster,really,11,0.0
Mood Booster,good,47,3.0
Mood Booster,missed,1,-2.0
Mood Booster,last,5,0.0
Mood Booster,shot,2,0.0
Mood Booster,talk,1,0.0
Mood Booster,top,5,2.0
Mood Booster,saw,1,0.0
Mood Booster,sad,3,-2.0
Mood Booster,for,2,0.0
Mood Booster,phantom,1,0.0
Mood Booster,pulled,1,0.0
Mood Booster,valet,1,0.0
Mood Booster,wished,1,0.0
Mood Booster,little,4,0.0
Mood Booster,piece,1,0.0
Mood Booster,maroon,1,0.0
Mood Booster,payphoneif,1,0.0
Mood Booster,write,4,0.0
Mood Booster,arm,6,0.0
Mood Booster,tricks,3,0.0
Mood Booster,hope,31,2.0
Mood Booster,probably,10,0.0
Mood Booster,cooler,9,0.0
Mood Booster,designer,3,0.0
Mood Booster,shades,3,0.0
Mood Booster,hide,4,-1.0
Mood Booster,wear,5,0.0
Mood Booster,"hey",3,0.0
Mood Booster,highbrow,2,0.0
Mood Booster,shoes,2,0.0
Mood Booster,shh,3,0.0
Mood Booster,steps,2,0.0
Mood Booster,noise,2,0.0
Mood Booster,figured,2,0.0
Mood Booster,behind,2,0.0
Mood Booster,makeup,2,0.0
Mood Booster,nobody,7,0.0
Mood Booster,knows,10,0.0
Mood Booster,switch,1,0.0
Mood Booster,walk,7,0.0
Mood Booster,pass,1,0.0
Mood Booster,sure,3,0.0
Mood Booster,doubt,1,-1.0
Mood Booster,clouds.,1,0.0
Mood Booster,mebruno,1,0.0
Mood Booster,mars,3,0.0
Mood Booster,billionaire,8,0.0
Mood Booster,bad,4,-3.0
Mood Booster,buy,3,0.0
Mood Booster,cover,2,0.0
Mood Booster,forbes,2,0.0
Mood Booster,magazine,2,0.0
Mood Booster,smiling,2,2.0
Mood Booster,oprah,3,0.0
Mood Booster,queen,2,0.0
Mood Booster,close,18,0.0
Mood Booster,shining,3,0.0
Mood Booster,different,3,0.0
Mood Booster,prepare,3,0.0
Mood Booster,travie,4,0.0
Mood Booster,mccoy,2,0.0
Mood Booster,host,1,0.0
Mood Booster,everyday,2,0.0
Mood Booster,christmas,1,0.0
Mood Booster,wish,3,1.0
Mood Booster,list,2,0.0
Mood Booster,pull,2,0.0
Mood Booster,angelina,1,0.0
Mood Booster,brad,1,0.0
Mood Booster,pitt,1,0.0
Mood Booster,adopt,1,1.0
Mood Booster,bunch,1,0.0
Mood Booster,babies,1,0.0
Mood Booster,mercedes,1,0.0
Mood Booster,"here,1,0.0
Mood Booster,this",1,0.0
Mood Booster,not,1,0.0
Mood Booster,least,1,0.0
Mood Booster,grant,1,1.0
Mood Booster,couple,4,0.0
Mood Booster,single,7,0.0
Mood Booster,claus,1,0.0
Mood Booster,minus,1,0.0
Mood Booster,ho,2,0.0
Mood Booster,visit,1,0.0
Mood Booster,katrina,1,0.0
Mood Booster,damn,7,-2.0
Mood Booster,lot,1,0.0
Mood Booster,fema,1,0.0
Mood Booster,me,1,0.0
Mood Booster,stupid,1,-2.0
Mood Booster,theme,1,0.0
Mood Booster,music,4,0.0
Mood Booster,bruno,2,0.0
Mood Booster,uh-huh,4,0.0
Mood Booster,playing,1,0.0
Mood Booster,basketball,1,0.0
Mood Booster,president,1,0.0
Mood Booster,delegates,1,0.0
Mood Booster,compliment,1,2.0
Mood Booster,political,1,0.0
Mood Booster,etiquette,1,0.0
Mood Booster,toss,1,0.0
Mood Booster,milli,1,0.0
Mood Booster,heck,1,0.0
Mood Booster,fives,1,0.0
Mood Booster,twentys,1,0.0
Mood Booster,tens,1,0.0
Mood Booster,bens,1,0.0
Mood Booster,completely,1,0.0
Mood Booster,separate,1,0.0
Mood Booster,whole,1,0.0
Mood Booster,tax,1,0.0
Mood Booster,bracket,1,0.0
Mood Booster,recession,1,-2.0
Mood Booster,split,1,0.0
Mood Booster,bucks,1,0.0
Mood Booster,tummy,1,0.0
Mood Booster,hungry,1,0.0
Mood Booster,eating,1,0.0
Mood Booster,sleeping,1,0.0
Mood Booster,soundly,1,0.0
Mood Booster,similar,1,0.0
Mood Booster,pocket,1,0.0
Mood Booster,wallet,1,0.0
Mood Booster,oprah!,1,0.0
Mood Booster,ha,2,2.0
Mood Booster,badlike,1,0.0
Mood Booster,legend,1,0.0
Mood Booster,phoenix,1,0.0
Mood Booster,huh,4,0.0
Mood Booster,ends,1,0.0
Mood Booster,beginnings,1,0.0
Mood Booster,keeps,2,0.0
Mood Booster,planets,2,0.0
Mood Booster,spinning,4,0.0
Mood Booster,force,1,0.0
Mood Booster,beginning,1,0.0
Mood Booster,cups,3,0.0
Mood Booster,lucky,31,3.0
Mood Booster,present,1,0.0
Mood Booster,ribbon,1,0.0
Mood Booster,gift,1,2.0
Mood Booster,giving,1,0.0
Mood Booster,might,2,0.0
Mood Booster,funked,1,0.0
Mood Booster,lucky"oh,1,3.0
Mood Booster,dare,5,0.0
Mood Booster,me",14,0.0
Mood Booster,back",5,0.0
Mood Booster,"shut,5,0.0
Mood Booster,woman,5,0.0
Mood Booster,destiny,5,0.0
Mood Booster,"ooh,5,0.0
Mood Booster,hoo,7,0.0
Mood Booster,shut,10,0.0
Mood Booster,victims,1,-3.0
Mood Booster,chemical,1,0.0
Mood Booster,physical,1,0.0
Mood Booster,kryptonite,1,0.0
Mood Booster,helpless,1,-2.0
Mood Booster,bass,1,0.0
Mood Booster,fading,1,0.0
Mood Booster,light,2,0.0
Mood Booster,bound,5,0.0
Mood Booster,took,7,0.0
Mood Booster,floor,7,0.0
Mood Booster,backless,1,0.0
Mood Booster,dress,5,0.0
Mood Booster,beat,2,0.0
Mood Booster,sneaks,1,0.0
Mood Booster,discothque,1,0.0
Mood Booster,juliet,1,0.0
Mood Booster,teenage,1,0.0
Mood Booster,chest,2,0.0
Mood Booster,looked,1,0.0
Mood Booster,knew,4,0.0
Mood Booster,girl!,1,0.0
Mood Booster,deep,1,0.0
Mood Booster,future,1,0.0
Mood Booster,realize,1,0.0
Mood Booster,chance,1,2.0
Mood Booster,dance",1,0.0
Mood Booster,mei,1,0.0
Mood Booster,devices,1,0.0
Mood Booster,many,1,0.0
Mood Booster,days,1,0.0
Mood Booster,kept,3,0.0
Mood Booster,tumbling,3,0.0
Mood Booster,grey,3,-1.0
Mood Booster,hills,3,0.0
Mood Booster,darkness,3,-1.0
Mood Booster,almost,7,0.0
Mood Booster,optimist,6,0.0
Mood Booster,caught,1,0.0
Mood Booster,vices,1,0.0
Mood Booster,pose,1,0.0
Mood Booster,dust,1,0.0
Mood Booster,settled,1,0.0
Mood Booster,begin,2,0.0
Mood Booster,rubble,4,0.0
Mood Booster,hey,25,0.0
Mood Booster,lipstick,1,0.0
Mood Booster,stains,1,0.0
Mood Booster,front,1,0.0
Mood Booster,lobe,1,0.0
Mood Booster,left-side,1,0.0
Mood Booster,brains,1,0.0
Mood Booster,ya,1,0.0
Mood Booster,went,2,0.0
Mood Booster,blow,2,0.0
Mood Booster,mind,10,0.0
Mood Booster,sweet,1,2.0
Mood Booster,moonbeam,1,0.0
Mood Booster,smell,1,0.0
Mood Booster,collided,1,0.0
Mood Booster,decided,1,0.0
Mood Booster,sister,7,0.0
Mood Booster,mr.,3,0.0
Mood Booster,mister,3,0.0
Mood Booster,radio,3,0.0
Mood Booster,move,4,0.0
Mood Booster,fair,3,2.0
Mood Booster,miss,7,-2.0
Mood Booster,one-track,1,0.0
Mood Booster,direction,1,0.0
Mood Booster,connection,1,0.0
Mood Booster,deny,1,-2.0
Mood Booster,obsessed,1,2.0
Mood Booster,untrimmed,1,0.0
Mood Booster,you;,1,0.0
Mood Booster,virgin,1,0.0
Mood Booster,madonna,1,0.0
Mood Booster,rug,1,0.0
Mood Booster,watching,1,0.0
Mood Booster,drug,1,0.0
Mood Booster,gangster;,1,0.0
Mood Booster,thug,1,0.0
Mood Booster,dreaming,1,0.0
Mood Booster,of,1,0.0
Mood Booster,finally,1,0.0
Mood Booster,tonighthey,1,0.0
Mood Booster,delilah,7,0.0
Mood Booster,miles,2,0.0
Mood Booster,square,1,0.0
Mood Booster,shine,1,0.0
Mood Booster,true,1,2.0
Mood Booster,worry,1,-3.0
Mood Booster,distance,1,0.0
Mood Booster,voice,1,0.0
Mood Booster,disguise,1,-1.0
Mood Booster,someday,1,0.0
Mood Booster,pay,1,-1.0
Mood Booster,bills,1,0.0
Mood Booster,guitar,1,0.0
Mood Booster,simple,1,0.0
Mood Booster,wrote,1,0.0
Mood Booster,breath,1,0.0
Mood Booster,laugh,4,1.0
Mood Booster,along,3,0.0
Mood Booster,none,1,0.0
Mood Booster,promise,1,1.0
Mood Booster,blame,1,-2.0
Mood Booster,years,2,0.0
Mood Booster,school,1,0.0
Mood Booster,history,1,0.0
Mood Booster,meget,1,0.0
Mood Booster,afternoon,1,0.0
Mood Booster,pick,1,0.0
Mood Booster,breaking,1,0.0
Mood Booster,news,1,0.0
Mood Booster,over,2,0.0
Mood Booster,over.,1,0.0
Mood Booster,heading,1,0.0
Mood Booster,out,5,0.0
Mood Booster,cause,1,0.0
Mood Booster,starts,1,0.0
Mood Booster,gonna...,1,0.0
Mood Booster,turn,3,0.0
Mood Booster,party,4,0.0
Mood Booster,rockstar!,3,0.0
Mood Booster,do,6,0.0
Mood Booster,anything,7,0.0
Mood Booster,about...,3,0.0
Mood Booster,jump,5,0.0
Mood Booster,down,7,0.0
Mood Booster,play,3,0.0
Mood Booster,to...,3,0.0
Mood Booster,you!,4,0.0
Mood Booster,knock,1,0.0
Mood Booster,moving,3,0.0
Mood Booster,place,2,0.0
Mood Booster,memory,1,0.0
Mood Booster,else,1,0.0
Mood Booster,going,4,0.0
Mood Booster,going...,1,0.0
Mood Booster,crazy,3,-2.0
Mood Booster,losing,2,-3.0
Mood Booster,you!your,1,0.0
Mood Booster,boy,42,0.0
Mood Booster,b-b-boy,22,0.0
Mood Booster,b-b-boyfriend,20,0.0
Mood Booster,feeling,12,1.0
Mood Booster,drawn,1,0.0
Mood Booster,overheard,1,0.0
Mood Booster,a,2,0.0
Mood Booster,boyfriend,6,0.0
Mood Booster,trust,3,1.0
Mood Booster,fight,3,-1.0
Mood Booster,moment,1,0.0
Mood Booster,kick,1,0.0
Mood Booster,prefer,1,0.0
Mood Booster,worse,1,-3.0
Mood Booster,deserve,1,0.0
Mood Booster,where,1,0.0
Mood Booster,slumdog,1,0.0
Mood Booster,millionaire,1,0.0
Mood Booster,bigger,1,0.0
Mood Booster,twilight,1,0.0
Mood Booster,affair,1,0.0
Mood Booster,yourjustin,1,0.0
Mood Booster,timberlake,1,0.0
Mood Booster,timbaland:,2,0.0
Mood Booster,tie,7,0.0
Mood Booster,tied,5,0.0
Mood Booster,minute.,1,0.0
Mood Booster,ready,1,0.0
Mood Booster,justin,2,0.0
Mood Booster,timberlake:,2,0.0
Mood Booster,hot,2,0.0
Mood Booster,oven,1,0.0
Mood Booster,oww,1,0.0
Mood Booster,touch,2,0.0
Mood Booster,mine,3,0.0
Mood Booster,study,1,0.0
Mood Booster,learn,1,0.0
Mood Booster,doozie,1,0.0
Mood Booster,fixed,3,0.0
Mood Booster,nines,3,0.0
Mood Booster,pressed,3,0.0
Mood Booster,black,5,0.0
Mood Booster,white,5,0.0
Mood Booster,dressed,3,0.0
Mood Booster,swinging,3,0.0
Mood Booster,swing,2,0.0
Mood Booster,hey.,3,0.0
Mood Booster,stop,9,-1.0
Mood Booster,thick,1,0.0
Mood Booster,fatty,1,0.0
Mood Booster,aww,2,0.0
Mood Booster,habit,1,0.0
Mood Booster,mad,1,-3.0
Mood Booster,killer,1,0.0
Mood Booster,thriller,1,0.0
Mood Booster,classic,1,0.0
Mood Booster,timbaland,1,0.0
Mood Booster,seat,1,0.0
Mood Booster,hov.,1,0.0
Mood Booster,jay-z:,1,0.0
Mood Booster,shows,2,0.0
Mood Booster,card,1,0.0
Mood Booster,cuban,1,0.0
Mood Booster,links,1,0.0
Mood Booster,sit,1,0.0
Mood Booster,enjoy,1,2.0
Mood Booster,exceeds,1,0.0
Mood Booster,excess,1,0.0
Mood Booster,stout,1,2.0
Mood Booster,gout,1,0.0
Mood Booster,restaurant,1,0.0
Mood Booster,rant,1,-3.0
Mood Booster,disturbing,1,-2.0
Mood Booster,guests,1,0.0
Mood Booster,distress,1,-2.0
Mood Booster,tears,1,-2.0
Mood Booster,sex,1,0.0
Mood Booster,ugh,2,-2.0
Mood Booster,truffle,1,0.0
Mood Booster,season,1,0.0
Mood Booster,tom,1,0.0
Mood Booster,ford,1,0.0
Mood Booster,tuxedos,1,0.0
Mood Booster,saints,1,0.0
Mood Booster,angel,1,0.0
Mood Booster,alexander,1,0.0
Mood Booster,wang,1,0.0
Mood Booster,ass,1,-4.0
Mood Booster,tight,1,0.0
Mood Booster,denim,1,0.0
Mood Booster,dunks,1,0.0
Mood Booster,papers,1,0.0
Mood Booster,vapors,1,0.0
Mood Booster,vegas,1,0.0
Mood Booster,deuces,1,0.0
Mood Booster,doubles,1,0.0
Mood Booster,trouble,1,-2.0
Mood Booster,jeans,1,0.0
Mood Booster,nigga,1,0.0
Mood Booster,tryna,1,0.0
Mood Booster,cuff,1,0.0
Mood Booster,mother,1,0.0
Mood Booster,father,1,0.0
Mood Booster,farther,1,0.0
Mood Booster,son,1,0.0
Mood Booster,hun!,1,0.0
Mood Booster,l-love,1,3.0
Mood Booster,l-l-let,1,0.0
Mood Booster,oh!,1,0.0
Mood Booster,ba,1,0.0
Mood Booster,da,2,0.0
Mood Booster,doo!,1,0.0
Mood Booster,whoo,1,0.0
Mood Booster,yeah.jr!,1,1.0
Mood Booster,sean,1,0.0
Mood Booster,kingston!,1,0.0
Mood Booster,work,4,0.0
Mood Booster,suicidal,14,-2.0
Mood Booster,dirt,3,-2.0
Mood Booster,started,1,0.0
Mood Booster,park,1,0.0
Mood Booster,chill,1,0.0
Mood Booster,lasts,1,0.0
Mood Booster,forever,1,0.0
Mood Booster,sprung,1,0.0
Mood Booster,clear,1,1.0
Mood Booster,also,1,0.0
Mood Booster,defined,2,0.0
Mood Booster,mush,2,0.0
Mood Booster,declined,2,0.0
Mood Booster,lord,2,0.0
Mood Booster,driving,2,0.0
Mood Booster,movies,1,0.0
Mood Booster,first,1,0.0
Mood Booster,crime,1,-3.0
Mood Booster,mami,1,0.0
Mood Booster,moved,1,0.0
Mood Booster,south,1,0.0
Mood Booster,fussing,1,0.0
Mood Booster,fighting,1,-2.0
Mood Booster,slighted,1,0.0
Mood Booster,dating,1,0.0
Mood Booster,guys,1,0.0
Mood Booster,lies,2,0.0
Mood Booster,clever,1,2.0
Mood Booster,suicideryan,1,0.0
Mood Booster,rocketeer,4,0.0
Mood Booster,kev,2,0.0
Mood Booster,nish,2,0.0
Mood Booster,roads,2,0.0
Mood Booster,jetpack,1,0.0
Mood Booster,atmosphere,1,0.0
Mood Booster,phere,1,0.0
Mood Booster,outta,3,0.0
Mood Booster,hold,1,0.0
Mood Booster,flying,1,0.0
Mood Booster,ryan,3,0.0
Mood Booster,proghess,1,0.0
Mood Booster,g6,1,0.0
Mood Booster,shop,1,0.0
Mood Booster,tokyo,1,0.0
Mood Booster,priceless,1,0.0
Mood Booster,at,1,0.0
Mood Booster,level,1,0.0
Mood Booster,super,1,3.0
Mood Booster,mario,1,0.0
Mood Booster,cardio,1,0.0
Mood Booster,geronimo,1,0.0
Mood Booster,j-splif,1,0.0
Mood Booster,nah,1,0.0
Mood Booster,space,1,0.0
Mood Booster,watch,1,0.0
Mood Booster,grab,1,0.0
Mood Booster,glow,1,0.0
Mood Booster,fm,1,0.0
Mood Booster,knowsi,1,0.0
Mood Booster,evening,1,0.0
Mood Booster,smile,1,2.0
Mood Booster,pace,1,0.0
Mood Booster,wonder,1,0.0
Mood Booster,tastes,1,0.0
Mood Booster,gives,28,0.0
Mood Booster,hell,24,-4.0
Mood Booster,picket,1,0.0
Mood Booster,fence,1,0.0
Mood Booster,shiny,1,0.0
Mood Booster,seemed,1,0.0
Mood Booster,tense,1,-2.0
Mood Booster,truth,4,0.0
Mood Booster,worth,3,2.0
Mood Booster,treats,3,0.0
Mood Booster,fool,4,-2.0
Mood Booster,tommorow,1,0.0
Mood Booster,thinking,1,0.0
Mood Booster,yourself:,1,0.0
Mood Booster,"where,1,0.0
Mood Booster,goes,1,0.0
Mood Booster,memories,1,0.0
Mood Booster,puts,1,0.0
Mood Booster,helli,1,0.0
Mood Booster,ooohooo,5,0.0
Mood Booster,spend,3,0.0
Mood Booster,smash,2,0.0
Mood Booster,god,2,1.0
Mood Booster,sofa,2,0.0
Mood Booster,stressed,1,-2.0
Mood Booster,spaced,1,0.0
Mood Booster,mazel,2,0.0
Mood Booster,tov,2,0.0
Mood Booster,dancing,2,0.0
Mood Booster,paint,2,0.0
Mood Booster,town,2,0.0
Mood Booster,roof,2,0.0
Mood Booster,ooohoo,2,0.0
Mood Booster,off!,1,0.0
Mood Booster,rock,6,0.0
Mood Booster,easy,2,1.0
Mood Booster,body,1,0.0
Mood Booster,clock,4,0.0
Mood Booster,monday,1,0.0
Mood Booster,tuesday,1,0.0
Mood Booster,wednesday,1,0.0
Mood Booster,thursday,1,0.0
Mood Booster,friday,1,0.0
Mood Booster,saturday,2,0.0
Mood Booster,sunday,1,0.0
Mood Booster,p-p-p-party,1,0.0
